﻿博主名,粉丝人数,点赞数,评论数,分享,音乐链接,商品
李佳琪Austin,4368w,186.4w,54000,27000,増田俊郎 (ますだ としお)《ナルトの日常 (鸣人的日常)》 https://c.y.qq.com/base/fcgi-bin/u?__=unhbww9,花西子定妆散粉
李蠕蠕,1310w,208.2w,34000,6547,大野克夫 (おおの かつお)《「名探偵コナン」~メインテーマ》 https://c.y.qq.com/base/fcgi-bin/u?__=LHrKwwm,花西子定妆散粉
小萌萌,107.5w,131.3w,16000,3224,王嘉尔/MK《100 Ways (MK Remix)》 https://c.y.qq.com/base/fcgi-bin/u?__=Wsz3EwB,花西子定妆散粉
辣辣来撸妆,248.2w,4.2w,1648,764,Jain的《Lil Mama》，听听看 https://c.y.qq.com/base/fcgi-bin/u?__=mLSNLw8,花西子定妆散粉
宅仔珍妮,204.5w,104.9w,10000,2043,林俊呈《东西》 https://c.y.qq.com/base/fcgi-bin/u?__=ICD3Ewa,花西子定妆散粉
wuli小悦悦,21.6w,41w,10000,4779,浣语《告白》 https://c.y.qq.com/base/fcgi-bin/u?__=2LIhEwm,稚优泉哑光复古正红口红小众品牌持久保湿滋润唇膏
华妃妃的美妆宝藏,454.7w,22.4w,2500,1464,李佳璐《无法原谅》(《回家的诱惑》电视剧主题曲) https://c.y.qq.com/base/fcgi-bin/u?__=AMwWEwG,稚优泉哑光复古正红口红小众品牌持久保湿滋润唇膏
嘉了个玲,293.2w,5.7w,1364,213,洛尘鞅_vvv《山鬼》 https://c.y.qq.com/base/fcgi-bin/u?__=f1xWEws,稚优泉哑光复古正红口红小众品牌持久保湿滋润唇膏
 苏天霸,313.9w,8.8w,2316,1730,Akon《Right Now(Na Na Na)》(《QQ飞车手游》游戏背景歌曲) https://c.y.qq.com/base/fcgi-bin/u?__=YPFwEwq,稚优泉哑光复古正红口红小众品牌持久保湿滋润唇膏
bobo霜霜,4.6w,3.1w,3100,484,INNA《Nobody》 https://c.y.qq.com/base/fcgi-bin/u?__=hcYNEwO,稚优泉无惧幻想唇釉
你的肥肥,66.9w,52.4w,18453,6503,脸红的思春期 (볼빨간사춘기)《썸 탈꺼야 (Some)》 https://c.y.qq.com/base/fcgi-bin/u?__=1aINEw1,稚优泉无惧幻想唇釉
258Hz,69.7w,60.8w,16542,3150,f(x) (에프엑스)《Red Light》 https://c.y.qq.com/base/fcgi-bin/u?__=Q3EEEwS,稚优泉无惧幻想唇釉
妍妍爱试色,16.0w,33.6w,12873,3760,一口甜的《慢慢等 (原唱: 韦礼安)》，听听看 https://c.y.qq.com/base/fcgi-bin/u?__=eXREEwY,稚优泉无惧幻想唇釉
顾七喜,5.9w,51.1w,1876,8259,2NE1 (투애니 원)的《난 바빠 (我很忙)》，听听看 https://c.y.qq.com/base/fcgi-bin/u?__=8SqEEw0,稚优泉无惧幻想唇釉
毛光光,1214.0w,93.0w,12000,1444,Yaz的《Situation》，听听看 https://c.y.qq.com/base/fcgi-bin/u?__=2vnELwq,TIMAGE彩棠唐毅亲研大师高光修容三色一体盘哑光闪粉鼻影阴影
辣辣的敏敏,46.9w,38.5w,13000,31000,Queen《We Will Rock You》 https://c.y.qq.com/base/fcgi-bin/u?__=gCjELw1,TIMAGE彩棠唐毅亲研大师高光修容三色一体盘哑光闪粉鼻影阴影
我是张凯毅,218.8w,9.7w,3045,1972,"Itzhak Perlman《24 Caprices, Op.1: No. 2 in B Minor》 https://c.y.qq.com/base/fcgi-bin/u?__=t6UELwa",TIMAGE彩棠唐毅亲研大师高光修容三色一体盘哑光闪粉鼻影阴影
木子欧尼,216.7w,17.4w,1654,999,Toby Fox的《sans.》，听听看 https://c.y.qq.com/base/fcgi-bin/u?__=6m4LLwz,TIMAGE彩棠唐毅亲研大师高光修容三色一体盘哑光闪粉鼻影阴影
仙姆SamChak,1454.6w,26.3w,7196,3549,XVIBE的单曲《【已买断】騎虎難下》http://music.163.com/song/1424665394/?userid=1603732288,TIMAGE彩棠唐毅亲研大师高光修容三色一体盘哑光闪粉鼻影阴影
毛光光,1214.0w,46.3w,5126,513,Raphaël Beau的单曲《Micmacs A La Gare》http://music.163.com/song/1926723/?userid=1603732288,稚优泉小奶泡氨基酸洗面奶洁面乳深层清洁毛孔控油高保湿学生男女
温仙女,609.3w,40.1w,9838,1678,宇宝.的《普通女孩》，听听看 https://c.y.qq.com/base/fcgi-bin/u?__=FfPQLw7,稚优泉小奶泡氨基酸洗面奶洁面乳深层清洁毛孔控油高保湿学生男女
陈彦妃,779.4w,39.2w,5957,1179,David Scott的单曲《Windy Old Weather》http://music.163.com/song/1343865148/?userid=1603732288,稚优泉小奶泡氨基酸洗面奶洁面乳深层清洁毛孔控油高保湿学生男女
齐大牙呀,83.5w,6.3w,1179,83,多田彰文的单曲《学校(M-13)》http://music.163.com/song/29043323/?userid=1603732288,稚优泉小奶泡氨基酸洗面奶洁面乳深层清洁毛孔控油高保湿学生男女
陈鹤初,113.0w,21.2w,2681,837,张栋梁的单曲《就微笑了》http://music.163.com/song/4874568/?userid=1603732288,稚优泉小奶泡氨基酸洗面奶洁面乳深层清洁毛孔控油高保湿学生男女
木木啊,136.3w,52.4w,7010,1959,多田彰文的单曲《のんびり晴ればれ(M-40AB/M-41AB/M-60A)》http://music.163.com/song/29043343/?userid=1603732288,【官方直营】完美日记哑光唇釉
熊仔ok,27.1w,35.9w,10000,6865,Lorenzo Ballerini Dj/Dj Fernando Lopez的单曲《Tribute (Dj Fernando Lopez Radio Edit)》http://music.163.com/song/399366190/?userid=1603732288,【官方直营】完美日记哑光唇釉
258Hz,69.6w,21.4w,2031,833,人见人爱的P老汉的单曲《昭和少女》http://music.163.com/song/558462973/?userid=1603732288,【官方直营】完美日记哑光唇釉
我是香秀,146.6w,18.8w,5817,4862,Why Mona/Unlike Pluto/Joanna Jones的单曲《Wannabe》http://music.163.com/song/501220770/?userid=1603732288,【官方直营】完美日记哑光唇釉
鲜奶小妹,152.9w,16.1w,1145,498,蓝心羽《我喜欢的人总是有女朋友》 https://c.y.qq.com/base/fcgi-bin/u?__=ixmYLwE,【官方直营】完美日记哑光唇釉
战狼姐妹花,270.9w,13.5w,7319,2922,Alex.Dai的《Shooting Flight》，听听看 https://c.y.qq.com/base/fcgi-bin/u?__=tf1YLwR,【官方直营】完美日记哑光唇釉
