﻿序号,昵称,视频标题,点赞,评论,分享,商品标题,音乐链接,粉丝量
1,徐咏琪也太好看了吧,#养肤粉底液,5.9w,1620,747,红地球草本粉底液,小奶瓶/DJ YiXiu/虞姬《这可是大人的音乐哦》https://c.y.qq.com/base/fcgi-bin/u?__=Cy0TEwB @QQ音乐,15.8w
2,川大發,号称能养肤的粉底液？！8小时测评结果居然是,3.5w,598,92,红地球草本粉底液,光宗信吉 (みつむね しんきち)《Slapstick》https://c.y.qq.com/base/fcgi-bin/u?__=U9CtEwi @QQ音乐,74.6w
3,乐乐团长,红地球，风太大，现实碰一碰#养肤粉底液,7.2w,6379,1107,红地球草本粉底液,分享Krystal的单曲《Lilly Wood & The Prick-RUA（Krystal remix）》: http://music.163.com/song/1428245291/?userid=1700718534 (来自@网易云音乐),152.1w
4,道上都叫我赤木刚宪,去油高手红地球，你们家可太会了！#养肤粉底液散粉,4.9w,929,182,红地球草本粉底液,Spazzkid、Keith Ape《It G Ma (Spazzkid Bootleg)》https://c.y.qq.com/base/fcgi-bin/u?__=boPFEwx @QQ音乐,613.6w
5,李佳琦Austin,更好的养肤粉底液，猪猪女孩们买它,171.3w,4.5w,6.8w,红地球草本粉底液,百石元 (hyakkoku hajime)《猪突猛進 (勇往直前)》https://c.y.qq.com/base/fcgi-bin/u?__=ZimFEwx @QQ音乐,4368.5w
6,不存在的h,近期购物分享又来了~疯狂购物中,2.2w,458,356,Hedone修容盘,朴宰范 (박재범)/Double K (더블케이)/Boi B (보이비)《REBORN》https://c.y.qq.com/base/fcgi-bin/u?__=UXC6EwT @QQ音乐,36.7w
7,疯大妹YuElly,#Hedone修容 这是条修容视频，虽然是库存hiahia,157,36,1,Hedone修容盘,Future/Drake《Life Is Good (Explicit)》https://c.y.qq.com/base/fcgi-bin/u?__=4jU6Ewz @QQ音乐,1.3w
8,大肚子油油,不会修容的看过来，很详细哦 #修容,1500,154,38,Hedone修容盘,海格P/MoreanP/乐正绫《最后的圣诞节piano.ver》https://c.y.qq.com/base/fcgi-bin/u?__=kEnSEwY @QQ音乐,36.8w
9,柒柒种草所,#好物推荐 #种草 #修容 @电商小助手,5374,353,73,Hedone修容盘,"陈淑婷KelsiChen《Expression, When Nostalgia Came》https://c.y.qq.com/base/fcgi-bin/u?__=IaPSEwq @QQ音乐",16.2w
10,zZ元气酱,修容高光一盘就可，爱爱爱辽#种草,1915,83,10,Hedone修容盘,达多 (달다)《금요병 (周五病)》https://c.y.qq.com/base/fcgi-bin/u?__=VfZSEwt @QQ音乐,10.4w
11,親47_,第九集|大家想看的完整版来啦！,3.9w,2480,985,Hedone修容盘,陈一彤《处处吻 (女生版)》https://c.y.qq.com/base/fcgi-bin/u?__=HuNoEw0 @QQ音乐,50.6w
12,老实人饿肚子,在#苹果原相机 下也不会显脏的修容教程,5.5w,1783,2679,Hedone修容盘,Khalid《Location》https://c.y.qq.com/base/fcgi-bin/u?__=8c5oEwJ @QQ音乐,23.2w
13,阿纯是打假测评家,第17集|秋冬好物来啦！仙女专用的金色散粉,39.3w,1.5w,3634,完美日记金色散粉,李小胖《桃花笑 (cover: 汪睿)》https://c.y.qq.com/base/fcgi-bin/u?__=05svEw9 @QQ音乐,804.7w
14,gaga推荐散粉,完美日记这次太过分了，怎么连散粉都这么可爱！,8.7w,4676,959,完美日记金色散粉,D1ofaquavibe《Red Light Green Light》https://c.y.qq.com/base/fcgi-bin/u?__=QflvEwK @QQ音乐,190.7w
15,子荷-,实锤了！散粉界的可爱担当,9060,123,16,完美日记金色散粉,Thomas Greenberg《Curly Wurly》https://c.y.qq.com/base/fcgi-bin/u?__=eO7REwU @QQ音乐,118.8w
16,姜叉叉,和油皮同时6小时原相机实测散粉！#散粉,2912,174,58,完美日记金色散粉,D1ofaquavibe《The Party Troll》https://c.y.qq.com/base/fcgi-bin/u?__=AohJEwD @QQ音乐,55.5w
17,大零同学,30度高温全天测评！底妆依然完美就靠这块平价散粉,1541,94,22,完美日记金色散粉,Lily Allen《Air Balloon》https://c.y.qq.com/base/fcgi-bin/u?__=RiQZEwV @QQ音乐,168.6w
18,PerfectDiary完美日记,完美日记X三丽鸥联名散粉来啦，你喜欢哪个卡通人物呢？,2.2w,1106,729,完美日记金色散粉,江灿Zzang《小精灵 (原唱: TFBOYS)》https://c.y.qq.com/base/fcgi-bin/u?__=BHSZEw2 @QQ音乐,321.2w
19,刘真Eeeeee_L,万人催促的兰蔻持妆到达战场|油痘肌8h兰蔻持妆粉底原相机测评,2772,569,74,兰蔻持妆粉底液,Matt Terry《Sucker for You》https://c.y.qq.com/base/fcgi-bin/u?__=byNRQwk @QQ音乐,55.1w
20,NN会有猫的,夏日底妆超长待机，你必须拥有的秘诀！#持妆不假面,32.5w,1.2w,3574,兰蔻持妆粉底液,Ingrid Michaelson《Everybody》https://c.y.qq.com/base/fcgi-bin/u?__=Ut2RQwB @QQ音乐,51.3w
21,崔一卯,第3天|挑战粉底30天不重样#兰蔻持妆粉底液#海草计划,3925,161,13,兰蔻持妆粉底液,elijah who《woo!》https://c.y.qq.com/base/fcgi-bin/u?__=nEwJQwM @QQ音乐,3.9w
22,尹可以啊,兰蔻持妆粉底液正确打开方式~终于捡回大牌的脸面#美妆#美妆分析#粉底液测评,4001,545,83,兰蔻持妆粉底液,东南辞而《EA7小曲挺有劲 (Remix)》https://c.y.qq.com/base/fcgi-bin/u?__=47pZQw5 @QQ音乐,29.2w
23,Miss奢香,持妆不持妆，你觉得呢？#挑战兰蔻持妆粉底#无滤镜无美颜,70,28,10,兰蔻持妆粉底液,Key Sounds Label (キー・サウンズ・レーベル)《馬鹿ふたり (两个笨蛋)》https://c.y.qq.com/base/fcgi-bin/u?__=PKwaQwM @QQ音乐,346
24,神奇女侠的退休生活（6:30直播）,#近看不假面 靠近看，在靠近看@兰蔻LANCOME，持妆粉底液真的一点都不假面,5049,212,183,兰蔻持妆粉底液,叶洛洛/文子轩《皇上，谁傲娇？》https://c.y.qq.com/base/fcgi-bin/u?__=Z0raQwx @QQ音乐,24.4w
25,安达Anda,结块卡粉拍不匀？#底妆 这锅可不背！持妆粉底液到底该怎么用,1255,44,6,兰蔻持妆粉底液,Joakim Karud《Dreams》https://c.y.qq.com/base/fcgi-bin/u?__=XluMQwO @QQ音乐,9.6w
26,王欢喜Fancy,兰蔻持妆粉底液12h测评！持妆透气不假面果然名不虚传！#持妆不假面,3770,296,32,兰蔻持妆粉底液,Minnutes《I Can》https://c.y.qq.com/base/fcgi-bin/u?__=RIvMQw2 @QQ音乐,72.7w
27,晏大小姐Vivi,心心恋恋的兰蔻粉底液！！再也不怕底妆蹭到衣领上啦~#持妆不假面,1.8w,502,678,兰蔻持妆粉底液,分享dyalla的单曲《Could You?》: http://music.163.com/song/479938590/?userid=1700718534 (来自@网易云音乐),432.4w
28,麻花可可,能撑住这两个挑战，这个粉底液有点厉害！#兰蔻双11,3.5w,166,115,兰蔻持妆粉底液,MØ/Diplo《Sun In Our Eyes》https://c.y.qq.com/base/fcgi-bin/u?__=F1FJQwD @QQ音乐,360.6w
29,我的故事你听,#持妆不假面 @兰蔻LANCOME 我个人超级喜欢的爱用品粉底液，分享给你们@Dou热门,8.3w,161,20,兰蔻持妆粉底液,傅如乔《微微》https://c.y.qq.com/base/fcgi-bin/u?__=SCH7Qwc @QQ音乐,1.3w
30,潘全货是彩妆控,第5集|40度高温挑战兰蔻持妆粉底液！无滤镜无美颜！@抖音小助手,936,251,50,兰蔻持妆粉底液,MONACA (モナカ)《いっしょに帰ろう (一起回去吧)》https://c.y.qq.com/base/fcgi-bin/u?__=EX4HQwn @QQ音乐,2.3w
31,爱化妆的晓晓,今夏必入持妆粉底液！随便画都是神仙妆效 #持妆不假面,5.0w,107,376,兰蔻持妆粉底液,Tennis《I'm Callin'》https://c.y.qq.com/base/fcgi-bin/u?__=ISCHQwn @QQ音乐,244.8w
32,戴晨晨,不辜负夏天的妆容和底妆#持妆不假面@兰蔻LANCOME,15.4w,2273,477,兰蔻持妆粉底液,分享Gnite2u的单曲《别再问我什么是迪斯科（翻自 新裤子）》: http://music.163.com/song/1439903132/?userid=1700718534 (来自@网易云音乐),23.3w
33,兰蔻LANCOME,混油皮不可错过！兰蔻持妆粉底液@刘涛 亲测持妆透气不假面！,576,25,84,兰蔻持妆粉底液,纯音乐《7895》https://c.y.qq.com/base/fcgi-bin/u?__=JhkHQwj @QQ音乐,83.9w
34,玉酱儿,种草很久的兰蔻持妆粉底液！！！！我今天来拔草啦,79,13,1,兰蔻持妆粉底液,coco这个李文《小朋友她现在不想谈恋爱 (Live)》https://c.y.qq.com/base/fcgi-bin/u?__=tl09QwT @QQ音乐,2778
35,李濠pe7er,今夏超扛造的粉底液，上刀山下火海，也能越热越美丽#持妆不假面@LANCOME,1869,37,9,兰蔻持妆粉底液,Mr. Lb.《Heaven's Postcard (Rev. 21:1-5) [feat. Eboni Franklin]》https://c.y.qq.com/base/fcgi-bin/u?__=gtkUQw7 @QQ音乐,41.7w
36,兰蔻LANCOME,@江疏影同款兰蔻持妆粉底液，透气自然不粘腻，全天舒适，底妆大口呼吸#持妆不假面,8792,317,162,兰蔻持妆粉底液,CG5《Absolutely Anything》https://c.y.qq.com/base/fcgi-bin/u?__=CII9QwA @QQ音乐,83.9w
37,签儿穿搭,#持妆不假面 @兰蔻LANCOME夏日工作本命粉底液 兰蔻这款真香,3.3w,39,15,兰蔻持妆粉底液,Little Mix/Charlie Puth《Oops》https://c.y.qq.com/base/fcgi-bin/u?__=ysb2Qwn @QQ音乐,1083
38,彭西西,夏天粉底液就用兰蔻这个，信我～不脱妆！#持妆不假面@兰蔻LANCOME,2.4w,33,15,兰蔻持妆粉底液,Deep East Music《Stick Or Wistful》https://c.y.qq.com/base/fcgi-bin/u?__=C072QwD @QQ音乐,367
39,兰蔻LANCOME,#持妆不假面 新晋美妆达人@江疏影报道营业！用兰蔻持妆粉底液，打造透气感自然妆容,7.0w,900,454,兰蔻持妆粉底液,胡深《动物园里的大象与河马幸福的生活在了一起》https://c.y.qq.com/base/fcgi-bin/u?__=kT2JQwB @QQ音乐,83.9w
40,耳火Fendy,火爆全网的#持妆不假面 兰蔻粉底液的极限评测,7.8w,3996,5908,兰蔻持妆粉底液,D1ofaquavibe《The Party Troll》https://c.y.qq.com/base/fcgi-bin/u?__=AohJEwD @QQ音乐,77.0w
41,崔佳楠,第1集|拯救被误会的粉底液！买了持妆粉底液不会用？,2.1w,1410,281,兰蔻持妆粉底液,吴俊城 (오준성)《굳세어라 행진곡 (加油时刻进行曲) (Instrumental)》https://c.y.qq.com/base/fcgi-bin/u?__=dJkxEw6 @QQ音乐,104.1w
42,芒果吸吸,我来交作业啦 呼声zui高的兰蔻持妆的测评来了,1506,448,30,兰蔻持妆粉底液,分享你的二智bb的单曲《MOM (原唱：蜡笔小心)》: http://music.163.com/song/1433338551/?userid=1700718534 (来自@网易云音乐),16.4w
43,张铁锤SKY,你用过火遍全网的兰蔻持妆粉底液吗？#持妆不假面,40.3w,9582,1.6w,兰蔻持妆粉底液,Various Artists《西班牙斗牛士进行曲》https://c.y.qq.com/base/fcgi-bin/u?__=0tuDEwY @QQ音乐,165.3w
44,认真少女_颜九,跟我一起，画个伪的素颜妆出门吧,10.4w,2322,1085,兰蔻持妆粉底液,Kid Travis《SAD! & XO Tour Life (COVER)》https://c.y.qq.com/base/fcgi-bin/u?__=QcSDEwp @QQ音乐,880.5w
45,高端美妆培训师～小辉老师,＃持妆不假面＠兰蔻LANCOME兰蔻持妆粉底液，教你选色不踩雷，你的粉底液选对了吗,803,128,19,兰蔻持妆粉底液,分享Bizka的单曲《Marvin Gaye》: http://music.163.com/song/412493660/?userid=1700718534 (来自@网易云音乐),343
46,是萌哥哦！,兰蔻持妆粉底液来了！这个粉底液也太棒了！#美妆#兰蔻#粉底液,41,48,5,兰蔻持妆粉底液,4円 (ヨエン)《アイロニ (反语)》https://c.y.qq.com/base/fcgi-bin/u?__=w0lqQwU @QQ音乐,293
47,西西子的美丽传说,这个夏天用兰蔻持妆粉底液，给你的底妆透透气,6.1w,128,356,兰蔻持妆粉底液,分享出羽良彰的单曲《Yellow wagon》: http://music.163.com/song/28287114/?userid=1700718534 (来自@网易云音乐),264.7w
48,精致大姨夫,第3集|大姨夫护肤测评，雅诗兰黛小棕瓶精华,1.2w,3261,2535,雅诗兰黛小棕瓶,D1ofaquavibe《The Party Troll》https://c.y.qq.com/base/fcgi-bin/u?__=AohJEwD @QQ音乐,10.7w
49,美美噢买尬,小棕瓶or小黑瓶 该怎么选？,1.0w,127,15,雅诗兰黛小棕瓶,达多 (달다)《금요병 (周五病)》https://c.y.qq.com/base/fcgi-bin/u?__=VfZSEwt @QQ音乐,125.0w
50,付鹏FuPeng,爱买东西第一名,2.3w,3834,488,雅诗兰黛小棕瓶,Raphaël Beau《Micmacs à la gare》https://c.y.qq.com/base/fcgi-bin/u?__=5OanwwD @QQ音乐,571.0w
51,起司陈,#护肤￥小棕瓶#小黑瓶精华 雅诗兰黛小棕瓶跟兰蔻小黑瓶到底有什么区别,6.3w,654,1313,雅诗兰黛小棕瓶,Hailey Rowe《My Boyfriend Is Gay》https://c.y.qq.com/base/fcgi-bin/u?__=89A7Ewk @QQ音乐,111.2w
