﻿'序号,'昵称,'视频ID,'视频标题,'发布时间↓,'点赞↓,'评论↓,'分享↓,'商品标题,商品销量,商品价格,'抖音号,'UID,'视频地址,'商品地址,'粉丝福利,'商品来源,'商品id,'音乐id,,音乐链接
'2,'豆豆_Babe,'6847052653424381197,'猪猪们 夏季清爽的补水喷雾来啦,'2020-07-09 17:00:00,'94549,'2621,'483,'颐莲玻尿酸补水喷雾舒缓保湿爽肤水化妆水定妆喷雾官网正品福瑞达,'60703,'79,'5144228,'53304917615,http://v5-dy-yd.ixigua.com/c5900f3d3c7429379e7ab2135d9243e5/5f09c986/video/tos/cn/tos-cn-ve-15/f99e3ee63832476db055daf765aaf687/?a=1128&br=2772&bt=924&cr=3&cs=0&dr=0&ds=6&er=&l=202007112113350100120350840B33DC0D&lr=all&mime_type=video_mp4&qs=0&rc=ajpkaWg7dXdzdjMzNWkzM0ApNDhoMzRlNWRoNzVkOzk5ZGdzLmEvanNzby9fLS1jLS9zczQyLi9fLzRjYmBeNTUtNWM6Yw%3D%3D&vl=&vr=,'https://s.click.taobao.com/t?e=m%3D2%26s%3DRWen3Qb0pm1w4vFB6t2Z2ueEDrYVVa64yK8Cckff7TVRAdhuF14FMVp7q%2F0w1Deht4hWD5k2kjOMSKbZroYumZTeN%2BvHCM%2BQNQjLCS6C9JV1Qtn6JZlC6yQYRxDRWsrM%2BNGIjTUsFk5SQVr0Ycd8Z4we6%2FtGg2%2FRa39LVkuyq7fYR16Frqer%2F9kYvQZuIwx3YuX%2F7zPoVPxJNmQyjcnE0zJHyeM9OyZWZjrEvdxGL04kOKf%2FcMbosbt%2FpS9ZyrgdXX1Ck0nLCt%2BbvVTt0yFxG6fQBRL0qfPGomfkDJRs%2BhU%3D&union_lens=lensId:TAPI@1594203703@0b84767a_0f0e_1732df2074c_a605@01,'https://uland.taobao.com/ccoupon/edetail?e=L53mkNJyt10GQASttHIRqXQPa%2FjoGyaQCPuYjjV5M5i9h9WI3GtV%2BwVTu0dslSZGjsh80YYZLQufJ%2FXQEpP9ckgLzsc4RDql%2FnNA6NfsJbiBA9I59CpFie%2FDpAZTKJqwT8Wi%2FwpMD0XndQF%2BfRtBUQR5B1bKRFr9kGH6wWCd7AKas34aRsvQrdiGlVXLfx%2BnrOugqOzy%2BV3F8WVlIJ68ANG8w%2FVRcqRKSn4qX%2Brddxias34aRsvQrdl4X1VWjKah4C3EPCxnHp7RNiLAoAqqtg%3D%3D&traceId=0bb623a315942037030747862e0590&union_lens=lensId:TAPI@1594203703@0b84767a_0f0e_1732df2074c_a605@01,'来自淘宝人气：2356781,'533098872301,'6847052789810596621,,Humbert Humbert (ハンバート ハンバート)《桜の木の下で》https://c.y.qq.com/base/fcgi-bin/u?__=UKUZWwb @QQ音乐
'3,'豆豆_Babe,'6846288022342782215,'七月平价好物来啦 都是大家平常总用到的,'2020-07-06 16:54:22,'200174,'7711,'3346,'豆豆 chillmore泠水沐浴露男女香体沐浴液留香300ml,'2553,'49.9,'5144228,'53304917615,http://v5-dy-yd.ixigua.com/ff9c9d22a57b18b6e4832d5f4c9630de/5f09c9cc/video/tos/cn/tos-cn-ve-15/b6ee776109d2461bac0f7ab2b65b119b/?a=1128&br=2928&bt=976&cr=3&cs=0&dr=0&ds=6&er=&l=202007112113350100120350840B33DC0D&lr=all&mime_type=video_mp4&qs=0&rc=am1vb3BxajVodjMzZGkzM0ApPDwzPDU4ZDs1N2Q3aWVpOmdgY3A1NC0yLi5fLS1jLS9zczVeYGFeMi1gNmE0NS82MDQ6Yw%3D%3D&vl=&vr=,'https://s.click.taobao.com/t?e=m%3D2%26s%3DCIhIiXbxJ5Rw4vFB6t2Z2ueEDrYVVa64XoO8tOebS%2BdRAdhuF14FMXm1DlPo7r%2BYRitN3%2FurF3yMSKbZroYumZTeN%2BvHCM%2BQNQjLCS6C9JV1Qtn6JZlC6yQYRxDRWsrMpjCOhSFhd71u6uUC%2Bfm47QtkyqhBb5%2B4EPtgYSZZAUvNy6VfD8aHxJ6P%2Fjo9mSm0Eq6xSATRa2i%2FJcDr0%2FgzNIXPYI9sayr%2BapHkuYM1pjmw%2BsAwPecJ0l3Vqs6USYPR9wQ0yWVTxALVXAk4Fj8kDPIQuFRFhL0ixiXvDf8DaRs%3D&union_lens=lensId:TAPI@1594192541@0b847673_0f5c_1732d47b8de_7c75@01,'https://uland.taobao.com/ccoupon/edetail?e=uJ4rJtYm8Q0E%2BdAb1JoOOog72ujih3BiuqFl46SAX6i9h9WI3GtV%2BwVTu0dslSZGjsh80YYZLQufJ%2FXQEpP9ckgLzsc4RDql%2FnNA6NfsJbiBA9I59CpFie%2FDpAZTKJqwT8Wi%2FwpMD0XndQF%2BfRtBUQR5B1bKRFr9kGH6wWCd7AKas34aRsvQrdiGlVXLfx%2BnrOugqOzy%2BV3F8WVlIJ68ANG8w%2FVRcqRKSn4qX%2Brddxias34aRsvQrdl4X1VWjKahfGV2L3XIMeXchOkkWEfvoA%3D%3D&traceId=0b01f68b15941925418774761e&union_lens=lensId:TAPI@1594192541@0b847673_0f5c_1732d47b8de_7c75@01,'来自淘宝人气：112940,'621494632344,'6846288140299242248,,015B (????)/?? (Nayul)《??? ??? (Hard to Start)》https://c.y.qq.com/base/fcgi-bin/u?__=m6uZWwL @QQ音乐
'4,'豆豆_Babe,'6843710135446113549,'给学生党猪猪们挑了几款平价香水 快来对号入座吧,'2020-06-29 18:10:51,'255376,'6721,'2771,'豆豆 BLACKPAW黑爪夏日限定香水水果香味自然清新持久留香30ml,'21361,'69,'5144228,'53304917615,'http://v5-dy-yd.ixigua.com/74301c6943bd1a959f14cbc511c272d3/5f09c9a9/video/tos/cn/tos-cn-ve-15/f92c8a83abee4c919db99046d40fd6dd/?a=1128&br=2823&bt=941&cr=3&cs=0&dr=0&ds=6&er=&l=202007112113350100120350840B33DC0D&lr=all&mime_type=video_mp4&qs=0&rc=amR2bHAzczh1dTMzaWkzM0ApOjloOGgzMzs2Nzs3ZzpkZGdeZC4vcHBobnBfLS1eLS9zczU1YF4zLzRgYzYuXjEvXzI6Yw%3D%3D&vl=&vr=,'https://s.click.taobao.com/t?e=m%3D2%26s%3D%2Baho1Yt0vr9w4vFB6t2Z2ueEDrYVVa64XoO8tOebS%2BdRAdhuF14FMbLpNK1h1dST8sviUM61dt2MSKbZroYumZTeN%2BvHCM%2BQNQjLCS6C9JV1Qtn6JZlC6yQYRxDRWsrMpjCOhSFhd71u6uUC%2Bfm47QtkyqhBb5%2B4EPtgYSZZAUvNy6VfD8aHxJ6P%2Fjo9mSm09LTl6LxCJKgJ9LxwZTideg0%2BYuoE%2B31JapHkuYM1pjmw%2BsAwPecJ0l3Vqs6USYPR9wQ0yWVTxALVXAk4Fj8kDPIQuFRFhL0ixiXvDf8DaRs%3D&union_lens=lensId:TAPI@1593425452@0b082a2b_2920_172ff8edfc3_8466@01,','来自淘宝人气：922430,'604803525350,'6843710255508327181,,Caro Emerald《Paris》https://c.y.qq.com/base/fcgi-bin/u?__=JzNxWwV @QQ音乐
'5,'豆豆_Babe,'6838891995302251784,'平价彩妆来啦 今天画了个轻微泰国妆 也不知道像不像,'2020-06-16 18:34:05,'303095,'14649,'4275,'豆豆 尔木萄眼影盘套盒小情书闪粉珠光日常妆平价便携4盘16色,'10049,'89,'5144228,'53304917615,'http://v5-dy-yd.ixigua.com/3045b3a2fffae2ceb0986539102dcebb/5f09c9e5/video/tos/cn/tos-cn-ve-15/226aa8821af945bc88c1a706df0fd60f/?a=1128&br=2460&bt=820&cr=3&cs=0&dr=0&ds=6&er=&l=202007112113350100120350840B33DC0D&lr=all&mime_type=video_mp4&qs=0&rc=anRvbGk2NDM8dTMzNmkzM0ApZWVoN2hkNjxkNzQ6ZTs8OmcuLTEuYmtgcmhfLS0uLS9zczAuYWMzYWJjLS9eY2NeMWA6Yw%3D%3D&vl=&vr=,'https://s.click.taobao.com/t?e=m%3D2%26s%3D0Re1l6KO6ohw4vFB6t2Z2ueEDrYVVa64XoO8tOebS%2BdRAdhuF14FMSYpTO6nWPwb8sviUM61dt2MSKbZroYumZTeN%2BvHCM%2BQNQjLCS6C9JV1Qtn6JZlC6yQYRxDRWsrMpjCOhSFhd71u6uUC%2Bfm47QtkyqhBb5%2B4EPtgYSZZAUvNy6VfD8aHxJ6P%2Fjo9mSm0u1hwwTZ58ug64wbR8h8flphO3sqSbbpFapHkuYM1pjmw%2BsAwPecJ0l3Vqs6USYPR9wQ0yWVTxALVXAk4Fj8kDPIQuFRFhL0ixiXvDf8DaRs%3D&union_lens=lensId:TAPI@1592304532@0b588f40_50c6_172bcbefcc7_7615@01,','来自淘宝人气：150102,'614617271367,'6838892169521105672,,XYL?《Don't Panic》https://c.y.qq.com/base/fcgi-bin/u?__=iOrxWw3 @QQ音乐
'6,'豆豆_Babe,'6837811637966179597,'猪猪们 去油蓬松的洗发水来啦 我真的爱死这个味道啦,'2020-06-13 20:41:50,'155524,'5599,'1299,'豆豆同款HairRecipe发之食谱无硅水润柔顺无花果苹果姜洗发水护发,'20814,'99.9,'5144228,'53304917615,'http://v5-dy-yd.ixigua.com/c4879e254f6a3d1e68da490ed1e69845/5f09c970/video/tos/cn/tos-cn-ve-15/adeec509c6fb46908e5b448052640bfd/?a=1128&br=3072&bt=1024&cr=3&cs=0&dr=0&ds=6&er=&l=202007112113350100120350840B33DC0D&lr=all&mime_type=video_mp4&qs=0&rc=ajl4NTlkNW5mdTMzO2kzM0ApMzQ5PDhmM2RlN2Q6NzhnPGc1Z3FvZ3BsZWZfLS1eLS9zc2NjLTRiNTUvXjEyNDRfYC86Yw%3D%3D&vl=&vr=,'https://s.click.taobao.com/t?e=m%3D2%26s%3DEiPASLay6zdw4vFB6t2Z2ueEDrYVVa64yK8Cckff7TVRAdhuF14FMajCLXIgJu7SRitN3%2FurF3yMSKbZroYumZTeN%2BvHCM%2BQNQjLCS6C9JV1Qtn6JZlC6yQYRxDRWsrMQaGuLO2YeJr8BNVXOLg9MAtkyqhBb5%2B4x8PUddoNe3CezgG9NfqeywojujuscY6D4JOed0Rxa6N3%2FFW4zQLQtgqB2Tdqpa6M0y29cGg%2F%2FwibuYJg80O8pJfDF8hLtONLkQiIYXgiqB393npKgme0atfJmVZ8lw866zeN9GIIRwg%3D&union_lens=lensId:TAPI@1592052111@0b847664_0e8d_172adb358e3_0d9a@01,','来自淘宝人气：275214,'574980412958,'6837811777858702094,,分享FRANKIE的单曲《When I'm Ready》:?http://music.163.com/song/1317494052/?userid=1508029736?(来自@网易云音乐)
'7,'豆豆_Babe,'6837009147540573447,'猪猪们 好用的沐浴好物来啦,'2020-06-11 16:47:47,'215941,'8246,'2422,'豆豆 ukiwi黑糖磨砂膏纽西小精灵麦卢卡蜂蜜清洁毛孔100ml,'7346,'79,'5144228,'53304917615,'http://v5-dy-yd.ixigua.com/f2fe157ebd0012d57d6a9f0872b82f62/5f09c9a2/video/tos/cn/tos-cn-ve-15/ade61c18549b409187f9b2bc07226b8d/?a=1128&br=2844&bt=948&cr=3&cs=0&dr=0&ds=6&er=&l=202007112113350100120350840B33DC0D&lr=all&mime_type=video_mp4&qs=0&rc=amk8a2R1PGl4dTMzOmkzM0ApOTlkOjw7OTwzN2Q8N2ZnaWdsYmhmNGlkcWRfLS01LS9zcy8xLS1eNi0zNi9jYTFhNjY6Yw%3D%3D&vl=&vr=,'https://s.click.taobao.com/t?e=m%3D2%26s%3D22DSY4Ufq%2Btw4vFB6t2Z2ueEDrYVVa64XoO8tOebS%2BdRAdhuF14FMRe7aChZWzGUt4hWD5k2kjOMSKbZroYumZTeN%2BvHCM%2BQNQjLCS6C9JV1Qtn6JZlC6yQYRxDRWsrMpjCOhSFhd71u6uUC%2Bfm47QtkyqhBb5%2B4EPtgYSZZAUvNy6VfD8aHxJ6P%2Fjo9mSm0u1hwwTZ58uhqwc2DeMCLmXqoWQFRPA6ZapHkuYM1pjmw%2BsAwPecJ0l3Vqs6USYPR9wQ0yWVTxALVXAk4Fj8kDPIQuFRFhL0ixiXvDf8DaRs%3D&union_lens=lensId:TAPI@1592305334@0b085ca9_6536_172bccb36f4_ae59@01,','来自淘宝人气：78972,'618506192018,'6837009292227283720,,Claire Ridgely《Busy Body》https://c.y.qq.com/base/fcgi-bin/u?__=5o7IWwb @QQ音乐
'8,'豆豆_Babe,'6834801100651007243,'涂抹式面膜 猪猪们自己对号入座,'2020-06-05 17:59:17,'325686,'10254,'6070,'豆豆 韩国VT范特老虎小布丁面膜7.5g*10涂抹清洁黄金蜜玻尿酸,'50109,'99,'5144228,'53304917615,http://v5-dy-yd.ixigua.com/a3baa7dfb9d55a5b332be69b604898b2/5f09c98a/video/tos/cn/tos-cn-ve-15/88500134402e48c5b73ce30d41c45a38/?a=1128&br=2790&bt=930&cr=3&cs=0&dr=0&ds=6&er=&l=202007112113350100120350840B33DC0D&lr=all&mime_type=video_mp4&qs=0&rc=M3VyNzlsdTc0dTMzO2kzM0ApNDo4NmlmZzw4N2ZpNDNlOmdjbm9yM29zNGFfLS0xLS9zczQwLTBhYWExXjNeMzVhYV46Yw%3D%3D&vl=&vr=,'https://s.click.taobao.com/t?e=m%3D2%26s%3Dt1vP09wdQeBw4vFB6t2Z2ueEDrYVVa64XoO8tOebS%2BdRAdhuF14FMZ7q2siP%2F%2B6Nxq3IhSJN6GSMSKbZroYumZTeN%2BvHCM%2BQNQjLCS6C9JV1Qtn6JZlC6yQYRxDRWsrMpjCOhSFhd71u6uUC%2Bfm47QtkyqhBb5%2B4EPtgYSZZAUvNy6VfD8aHxJ6P%2Fjo9mSm0UTb46vlzff6ONzK9v0yvpQOIucDQp%2F7kapHkuYM1pjmw%2BsAwPecJ0l3Vqs6USYPR9wQ0yWVTxALVXAk4Fj8kDPIQuFRFhL0ixiXvDf8DaRs%3D&union_lens=lensId:TAPI@1592305384@0b017c8c_43a3_172bccbfdec_93b7@01,','来自淘宝人气：352964,'591981840225,'6834801248147917582,,Halie Loren《How to Dismantle a Life》https://c.y.qq.com/base/fcgi-bin/u?__=SKkIWwI @QQ音乐
'9,'豆豆_Babe,'6834063537522953475,'猪猪们 亮白牙膏 终于被我找到啦,'2020-06-03 18:17:10,'227646,'6468,'3092,'李佳琦推荐狮王进口齿力佳酵素美白牙膏去渍清新牙膏去黄牙垢亮白,'88639,'29.6,'5144228,'53304917615,'http://v5-dy-yd.ixigua.com/5890db6b0a20bc51f7661b6c2d0bc96b/5f09c987/video/tos/cn/tos-cn-ve-15/96716ead7097428a8ce70373f9d458fa/?a=1128&br=2619&bt=873&cr=3&cs=0&dr=0&ds=6&er=&l=202007112113350100120350840B33DC0D&lr=all&mime_type=video_mp4&qs=0&rc=amZoOXd4O3ZxdTMzO2kzM0ApZmU1Ozk6ZGQ4Nzo8NDZnNWctX3MxaC5wNV9fLS0vLS9zc2EwNTFgLTBhNl82NGIzMTE6Yw%3D%3D&vl=&vr=,'https://s.click.taobao.com/t?e=m%3D2%26s%3DSnBai2dEG81w4vFB6t2Z2ueEDrYVVa64yK8Cckff7TVRAdhuF14FMY40Gl8nBYM%2FRitN3%2FurF3yMSKbZroYumZTeN%2BvHCM%2BQNQjLCS6C9JV1Qtn6JZlC6yQYRxDRWsrMS%2F4pUi7hqn7SBgdjFjwueIwe6%2FtGg2%2FRa39LVkuyq7fYR16Frqer%2F9kYvQZuIwx3kdP6DSvbQcQNyaCV5evxoI8JSZrL8lyPZjrEvdxGL04kOKf%2FcMbosbt%2FpS9ZyrgdXX1Ck0nLCt%2BbvVTt0yFxG6fQBRL0qfPGomfkDJRs%2BhU%3D&union_lens=lensId:TAPI@1591179431@0b14d138_0e8a_17279af4cc6_56f8@01,','来自淘宝人气：328998,'556831147512,'6834063639721413389,,Minnutes《Pack Up Your Troubles in Your Old Kit Bag》https://c.y.qq.com/base/fcgi-bin/u?__=XHfDWw6 @QQ音乐
'10,'豆豆_Babe,'6831816670261136643,'我盯着你们哦 一定要好好的卸眼妆 跟我同款的请报道,'2020-05-28 16:58:10,'184578,'3922,'590,'美宝莲眼唇卸妆液脸部温和清洁眼唇脸三合一卸妆水官方正品卸妆油,'73792,'118,'5144228,'53304917615,'http://v5-dy-yd.ixigua.com/a2b33b8c1599dee6612169a88da6344e/5f09c98e/video/tos/cn/tos-cn-ve-15/182016bd458f4466976b66c289f583e6/?a=1128&br=3072&bt=1024&cr=3&cs=0&dr=0&ds=6&er=&l=202007112113350100120350840B33DC0D&lr=all&mime_type=video_mp4&qs=0&rc=anVwbnk0NGpxdTMzNWkzM0ApZmc7ZjM0OjwzN2VnNjU3ZWc1NHIvc2VtMDRfLS0vLS9zc2AwY142YGMtYjYtMGAzYmA6Yw%3D%3D&vl=&vr=,'https://s.click.taobao.com/t?e=m%3D2%26s%3D8MoNqZicxrZw4vFB6t2Z2ueEDrYVVa64yK8Cckff7TVRAdhuF14FMRMFdedTpBDYt4hWD5k2kjOMSKbZroYumZTeN%2BvHCM%2BQNQjLCS6C9JV1Qtn6JZlC6yQYRxDRWsrMz5%2FOkFdUfhqP7m9mqY6qw4we6%2FtGg2%2FRa39LVkuyq7fYR16Frqer%2F9kYvQZuIwx3iKTuIyls40OUxForHU9gytMtvXBoP%2F8Im7mCYPNDvKSXwxfIS7TjS5EIiGF4Iqgd%2Fd56SoJntGrXyZlWfJcPOus3jfRiCEcI&union_lens=lensId:TAPI@1590656293@0b847692_0e78_1725a80d8bc_4873@01,','来自淘宝人气：77500,'12727688676,'6831816800637192973,,Tommy Ljungberg《Someday》https://c.y.qq.com/base/fcgi-bin/u?__=QoDDWw3 @QQ音乐
'11,'豆豆_Babe,'6831443402492595468,'夏天精致猪猪走起来 穿凉鞋 穿吊带都不怕啦,'2020-05-27 16:50:48,'308924,'10094,'6241,'豆豆 日本foot  medi 足喷足部喷雾手肘膝盖喷雾110ML,'18780,'69,'5144228,'53304917615,'http://v26-dy.ixigua.com/5082764427ae1b078f0f9d586053f8b0/5f09c9cb/video/tos/cn/tos-cn-ve-15/f393a49f8e634cb5a4648fac78ee3464/?a=1128&br=2946&bt=982&cr=3&cs=0&dr=0&ds=6&er=&l=2020071121134101001404720712369733&lr=all&mime_type=video_mp4&qs=0&rc=anRydDs2dWs1dTMzOWkzM0ApZWRoaDo6ZTxoNzVmZ2lmZmdmM2Q2bWVvZDRfLS1jLS9zczZjLjZiLjA2Y2M2YWMwMGM6Yw%3D%3D&vl=&vr=,'https://s.click.taobao.com/t?e=m%3D2%26s%3Dz8zydNpMm%2Flw4vFB6t2Z2ueEDrYVVa64XoO8tOebS%2BdRAdhuF14FMaBkKm96QGYQJ1gyddu7kN%2BMSKbZroYumZTeN%2BvHCM%2BQNQjLCS6C9JV1Qtn6JZlC6yQYRxDRWsrMpjCOhSFhd71u6uUC%2Bfm47QtkyqhBb5%2B4EPtgYSZZAUvNy6VfD8aHxJ6P%2Fjo9mSm0UTb46vlzff6PysOXixNRMJlQkYymFH%2BuapHkuYM1pjmw%2BsAwPecJ0l3Vqs6USYPR9wQ0yWVTxALVXAk4Fj8kDPIQuFRFhL0ixiXvDf8DaRs%3D&union_lens=lensId:TAPI@1592304920@0bba8cf2_161d_172bcc4e885_6321@01,','来自淘宝人气：306622,'592610886106,'6831443817221180168,,分享MOMOLAND的单曲《?? (BBoom BBoom)》:?http://music.163.com/song/526904859/?userid=1508029736?(来自@网易云音乐)
'12,'豆豆_Babe,'6830704246120402179,'平价水乳来啦 我这次的眼光还是不错滴,'2020-05-25 17:01:36,'130567,'6820,'1388,'豆豆 韩国SOOFEE树霏水乳白桦树活力补水保湿,'4927,'109,'5144228,'53304917615,'http://v26-dy.ixigua.com/eca937c3e737ec20245cfbef58318dba/5f09c979/video/tos/cn/tos-cn-ve-15/54771f36d8ff4c92ae77e22c389e7ee2/?a=1128&br=3090&bt=1030&cr=3&cs=0&dr=0&ds=6&er=&l=2020071121134101001404720712369733&lr=all&mime_type=video_mp4&qs=0&rc=M2U6ZzhzNThydTMzOWkzM0ApZ2VmZzM8PGU1NzpoNWhkO2dyby5gNl5fYTJfLS1gLS9zcy41M18yMGEtLTY0My4uNWM6Yw%3D%3D&vl=&vr=,'https://s.click.taobao.com/t?e=m%3D2%26s%3DxUfZoWUOsC5w4vFB6t2Z2ueEDrYVVa64XoO8tOebS%2BdRAdhuF14FMcGS%2BVlnCK99MMgx22UI05aMSKbZroYumZTeN%2BvHCM%2BQNQjLCS6C9JV1Qtn6JZlC6yQYRxDRWsrMpjCOhSFhd71u6uUC%2Bfm47QtkyqhBb5%2B4EPtgYSZZAUvNy6VfD8aHxJ6P%2Fjo9mSm0u1hwwTZ58uj3%2FUMYYoC1bAmS6%2F6OpymwapHkuYM1pjmw%2BsAwPecJ0l3Vqs6USYPR9wQ0yWVTxALVXAk4Fj8kDPIQuFRFhL0ixiXvDf8DaRs%3D&union_lens=lensId:TAPI@1592305058@0b0b092e_4095_172bcc701fc_7923@01,','来自淘宝人气：174469,'614796683472,'6830704392447068935,,Violet Days《Libertines Jacket》https://c.y.qq.com/base/fcgi-bin/u?__=xsEaWwQ @QQ音乐
'13,'豆豆_Babe,'6828104769119276291,'夏季驱蚊好物来啦 猪猪们漂亮的脸蛋可不要被咬哦,'2020-05-18 16:54:21,'170392,'7508,'3707,'豆豆 新西兰纽西之谜小精灵ukiwi精灵水夏日驱蚊水防蚊喷雾150ml,'7030,'89,'5144228,'53304917615,'http://v26-dy.ixigua.com/013f1926e84d1ddb033279c5aab9fc40/5f09c992/video/tos/cn/tos-cn-ve-15/b041c3fe061847868039c2bf8a6cfe69/?a=1128&br=2934&bt=978&cr=3&cs=0&dr=0&ds=6&er=&l=2020071121134101001404720712369733&lr=all&mime_type=video_mp4&qs=0&rc=M3c1b2lsdXQ3dTMzO2kzM0ApNGc6NjY2Mzw7N2ZkaTwzZmdtZG1fM280Xi5fLS1iLS9zc18tXjEtYjY0YV5eXi81NDM6Yw%3D%3D&vl=&vr=,'https://s.click.taobao.com/t?e=m%3D2%26s%3DYP5LzrhX7hdw4vFB6t2Z2ueEDrYVVa64XoO8tOebS%2BdRAdhuF14FMdcdueFutEanRitN3%2FurF3yMSKbZroYumZTeN%2BvHCM%2BQNQjLCS6C9JV1Qtn6JZlC6yQYRxDRWsrMpjCOhSFhd71u6uUC%2Bfm47QtkyqhBb5%2B4EPtgYSZZAUvNy6VfD8aHxJ6P%2Fjo9mSm0u1hwwTZ58uiDPMCzgbSCUiaYgVEwysdxapHkuYM1pjmw%2BsAwPecJ0l3Vqs6USYPR9wQ0yWVTxALVXAk4Fj8kDPIQuFRFhL0ixiXvDf8DaRs%3D&union_lens=lensId:TAPI@1592304961@0b588f42_2ea5_172bcc586b6_7a70@01,','来自淘宝人气：151066,'616967047024,'6828104947541134093,,Foxtail-Grass Studio《grass*harvest》https://c.y.qq.com/base/fcgi-bin/u?__=44oaWw6 @QQ音乐
'14,'豆豆_Babe,'6827350435590933771,'精致猪猪的秀发补水笔 真的好喜欢呀,'2020-05-16 16:07:08,'430512,'12429,'5447,'潘婷免洗秀发补水笔旗舰店护发素水乳精华改善毛躁护发精油便携,'8779,'99,'5144228,'53304917615,'http://v26-dy.ixigua.com/e44205c139ff8bdc3f78f790d1b9c1b1/5f09c99b/video/tos/cn/tos-cn-ve-15/c787d8f37fb14693ba52c184e275c321/?a=1128&br=3606&bt=1202&cr=3&cs=0&dr=0&ds=6&er=&l=2020071121134101001404720712369733&lr=all&mime_type=video_mp4&qs=0&rc=anA7ZmlrNHRxdDMzOmkzM0ApZTQ6aTRoZ2Q0Nzk5ZmY1ZWctYWJrbl41L3NfLS1fLS9zczExNDA0Ly42LWFgLy9hMi86Yw%3D%3D&vl=&vr=,'https://s.click.taobao.com/t?e=m%3D2%26s%3DoKVtp4eoM7Fw4vFB6t2Z2ueEDrYVVa64yK8Cckff7TVRAdhuF14FMT24EZx7xrXm79%2FTFaMDK6SMSKbZroYumZTeN%2BvHCM%2BQNQjLCS6C9JV1Qtn6JZlC6yQYRxDRWsrM%2FmWKMMW8Daomt%2BbG1%2FN%2F%2Fowe6%2FtGg2%2FRSyiL934V8t7Ny6VfD8aHxJ6P%2Fjo9mSm0fWsUjZoD5RCwVW5tZvopGGkQRwGjoeT3m%2FAqrVg3iolmYKmPQjlXgib4FRL6yn47QLQtqj2NQCP8lzN0Wk2RWC%2Bob0vRQ70tz2TFFEd9SqY%3D&union_lens=lensId:TAPI@1589616429@0b847678_0e72_1721c85c8bb_10ce@01,'https://uland.taobao.com/ccoupon/edetail?e=lC7VBPzo7hkE%2BdAb1JoOOrTUfDMWep%2Bjxj2pUsjZfPe9h9WI3GtV%2BwVTu0dslSZGjsh80YYZLQufJ%2FXQEpP9ckgLzsc4RDql%2FnNA6NfsJbiBA9I59CpFie%2FDpAZTKJqwT8Wi%2FwpMD0XndQF%2BfRtBUQR5B1bKRFr9kGH6wWCd7AKas34aRsvQrS3%2FM4lAwO%2BXrOugqOzy%2BV3F8WVlIJ68AEy5otPERvyno4uTMKfHYjBooUWlYkmfDjAJPvlWxLK8H1dVCDh3SPVGQEUOOnR88g%3D%3D&traceId=0b0b19cb15896164292088448e&union_lens=lensId:TAPI@1589616429@0b847678_0e72_1721c85c8bb_10ce@01,'来自淘宝人气：182500,'614505000515,'6827350623202102024,,山下康介 (やました こうすけ)《新学期スタート! (新学期开始!)》https://c.y.qq.com/base/fcgi-bin/u?__=c0aaWwJ @QQ音乐
'15,'豆豆_Babe,'6825507824743861508,'这几块腮红就是夏天超美女团色呀 太好看了吧,'2020-05-11 16:57:03,'874682,'35975,'18807,'小奥汀芝心腮红 猫和老鼠联名奶酪腮红盘正品裸妆自然橘色粉色9g,'92345,'99,'5144228,'53304917615,'http://v26-dy.ixigua.com/8465d5a3483d7716ed8f4157ee413ee9/5f09c9c6/video/tos/cn/tos-cn-ve-15/7fc04c8ebad74b7a96ece0fc0e4570b7/?a=1128&br=2895&bt=965&cr=3&cs=0&dr=0&ds=6&er=&l=2020071121134101001404720712369733&lr=all&mime_type=video_mp4&qs=0&rc=M3RqbXl0PG5qdDMzOmkzM0ApO2lpNzRlODw1N2k1ZjZkNmdqZS0uMmVwcXBfLS01LS9zczYwXjE0LmNgXjJhYS0zMzA6Yw%3D%3D&vl=&vr=,'https://s.click.taobao.com/t?e=m%3D2%26s%3DtqU2TwKIfDpw4vFB6t2Z2ueEDrYVVa64yK8Cckff7TVRAdhuF14FMfd6W7FUR6BNxq3IhSJN6GSMSKbZroYumZTeN%2BvHCM%2BQNQjLCS6C9JV1Qtn6JZlC6yQYRxDRWsrMlZJzdBur2T90BhTi5afsbwtkyqhBb5%2B4EPtgYSZZAUvNy6VfD8aHxJ6P%2Fjo9mSm0u1hwwTZ58ugab44rQfcOqp7deUWVIhcJapHkuYM1pjmw%2BsAwPecJ0l3Vqs6USYPR9wQ0yWVTxALVXAk4Fj8kDPIQuFRFhL0ixiXvDf8DaRs%3D&union_lens=lensId:TAPI@1589187424@0b847666_0e86_17202f3b19d_2ac0@01,'https://uland.taobao.com/ccoupon/edetail?e=aDgQxCHsiwYE%2BdAb1JoOOvADEoMJUr0EVVKMzwLoCKu9h9WI3GtV%2BwVTu0dslSZGjsh80YYZLQufJ%2FXQEpP9ckgLzsc4RDql%2FnNA6NfsJbiBA9I59CpFie%2FDpAZTKJqwT8Wi%2FwpMD0XndQF%2BfRtBUQR5B1bKRFr9kGH6wWCd7AKas34aRsvQrdiGlVXLfx%2BnrOugqOzy%2BV3F8WVlIJ68ANG8w%2FVRcqRKSn4qX%2Brddxias34aRsvQrdl4X1VWjKahsORLudimHRPwzMkbdI9YZA%3D%3D&traceId=0b0143f615891874246348727e&union_lens=lensId:TAPI@1589187424@0b847666_0e86_17202f3b19d_2ac0@01,'来自淘宝人气：2176092,'614087776959,'6825508070513642248,,Sophie Rose《Pink Lipstick》https://c.y.qq.com/base/fcgi-bin/u?__=QBiaWwU @QQ音乐
'16,'豆豆_Babe,'6823654232197958923,'我要贴脸发言一次 这个清洁面膜真的好喜欢,'2020-05-06 17:04:03,'199156,'7553,'4219,'豆豆 韩国春雨茄子泥膜清洁面膜深层清洁保湿补水温和涂抹式泥膜,'14419,'99,'5144228,'53304917615,'http://v26-dy.ixigua.com/f18192ea6eceb0847c6ecbd4ae77e410/5f09c981/video/tos/cn/tos-cn-ve-15/d3db67b521874b5893775bfced06d4ff/?a=1128&br=3327&bt=1109&cr=3&cs=0&dr=0&ds=6&er=&l=2020071121134101001404720712369733&lr=all&mime_type=video_mp4&qs=0&rc=aml3M2l5cGs6dDMzNWkzM0ApZjQ4aWg5NTtlN2U6PDhkO2ctZi5fY14xaG1fLS1jLS9zc2AyMWEtNl4vLTQ0LzAwMS86Yw%3D%3D&vl=&vr=,'https://s.click.taobao.com/t?e=m%3D2%26s%3D79ISPlOTz6Bw4vFB6t2Z2ueEDrYVVa64XoO8tOebS%2BdRAdhuF14FMSD02sjneCEnMMgx22UI05aMSKbZroYumZTeN%2BvHCM%2BQNQjLCS6C9JV1Qtn6JZlC6yQYRxDRWsrMpjCOhSFhd71u6uUC%2Bfm47QtkyqhBb5%2B4EPtgYSZZAUvNy6VfD8aHxJ6P%2Fjo9mSm0u1hwwTZ58uifdH2R7rQKAvCegh7POrcMapHkuYM1pjmw%2BsAwPecJ0l3Vqs6USYPR9wQ0yWVTxALVXAk4Fj8kDPIQuFRFhL0ixiXvDf8DaRs%3D&union_lens=lensId:TAPI@1592305208@0b588f3e_19ac_172bcc94d3d_b198@01,','来自淘宝人气：179747,'613676596882,'6823654425274518279,,Bülow《Like This Guy》https://c.y.qq.com/base/fcgi-bin/u?__=jnfMWwQ @QQ音乐
'17,'豆豆_Babe,'6822910025653177612,'夏天快到了 猕猴桃猪猪们都脱毛了吗,'2020-05-04 16:56:18,'784141,'20592,'10301,'JOVS冰点女士家用,'1097,'1649,'5144228,'53304917615,'http://v26-dy.ixigua.com/df9cc2ce71712ace5a5fc5bbe4ab7555/5f09c9c4/video/tos/cn/tos-cn-ve-15/73ccdf1559cc497caba14f32c651301b/?a=1128&br=3246&bt=1082&cr=3&cs=0&dr=0&ds=6&er=&l=2020071121134101001404720712369733&lr=all&mime_type=video_mp4&qs=0&rc=M2c8aGdkNWZ3dDMzaWkzM0ApZGU3NWhoN2U1NzZmO2k8Z2dsXy81Z3AtYGtfLS00LS9zczA2Y2A0Ll8wNV80MC4tY2E6Yw%3D%3D&vl=&vr=,'https://s.click.taobao.com/t?e=m%3D2%26s%3D9GH7W%2Bsymntw4vFB6t2Z2ueEDrYVVa64yK8Cckff7TVRAdhuF14FMUYTpdhPZnC4RitN3%2FurF3yMSKbZroYumZTeN%2BvHCM%2BQNQjLCS6C9JV1Qtn6JZlC6yQYRxDRWsrMCFPEngBaemh8BSJOLxaexc0Q9fK1X0AuTeW960iLPj9mZoHhG7U7yoI5UGrs6z5ahYuFeSgaZjLpGtdLcLH81eLYlRfdX59FzculXw%2FGh8QsNft%2BBttGBkIJkc7bDPnoswu5fygjVMn4ngPnTkLi15zCPvtOsoqGcSpj5qSCmbA%3D&union_lens=lensId:TAPI@1588582581@0b84767d_0e8d_171dee685e1_e13f@01,'https://uland.taobao.com/ccoupon/edetail?e=rZPSsJG%2FgzoE%2BdAb1JoOOlNVJYiJxwVEd1D7F4FAvW%2B9h9WI3GtV%2BwVTu0dslSZGjsh80YYZLQufJ%2FXQEpP9ckgLzsc4RDql%2FnNA6NfsJbiBA9I59CpFie%2FDpAZTKJqwT8Wi%2FwpMD0XndQF%2BfRtBUQR5B1bKRFr9kGH6wWCd7AKas34aRsvQrdiGlVXLfx%2BnrOugqOzy%2BV3F8WVlIJ68ANG8w%2FVRcqRKSn4qX%2Brddxias34aRsvQrdl4X1VWjKahIdYcd%2FHZNey2i12lJ%2FDpJw%3D%3D&traceId=0b0b239e15885825816966126e&union_lens=lensId:TAPI@1588582581@0b84767d_0e8d_171dee685e1_e13f@01,'来自淘宝人气：608905,'610562140185,'6822910265106385672,,増田俊郎 (ますだ としお)《ナルトの日常 (鸣人的日常)》https://c.y.qq.com/base/fcgi-bin/u?__=DC3MWwV @QQ音乐
'18,'豆豆_Babe,'6821435551686593795,'这期防晒好干货 油皮混油皮干皮的猪猪都可以看过来,'2020-04-30 17:34:13,'300770,'12663,'7646,'【达人热荐】优色林小橙伞控油清爽面部防晒乳50mlSPF50+防紫外线,'4964,'205,'5144228,'53304917615,'http://v26-dy.ixigua.com/f432233895662293e9f1f12616017d8f/5f09c990/video/tos/cn/tos-cn-ve-15/6660fe344fd54a11bc77290bf7552cf0/?a=1128&br=3111&bt=1037&cr=3&cs=0&dr=0&ds=6&er=&l=2020071121134101001404720712369733&lr=all&mime_type=video_mp4&qs=0&rc=M3lycnA0NHE6dDMzNWkzM0ApM2QzNGZkPDtmN2UzaWczZWdtNjJvc2U2cmlfLS1jLS9zczAtLzVhYGItYS81YGEyLzE6Yw%3D%3D&vl=&vr=,'https://s.click.taobao.com/t?e=m%3D2%26s%3Dz4caLdnORTtw4vFB6t2Z2ueEDrYVVa64yK8Cckff7TVRAdhuF14FMQdI1r8BuN985x%2BIUlGKNpWMSKbZroYumZTeN%2BvHCM%2BQNQjLCS6C9JV1Qtn6JZlC6yQYRxDRWsrMO3aTAbCwNEhkgoV%2BumI6H80Q9fK1X0AuhLjO8JFSuq5qGmoLahT%2BZz%2BFa8QW0pMbTc7jC1Dcr3Rcfm37xb4PJVg83PIIzC3pH3Yv4JZgcPocTNWtqRPezzPihM1enhJMVFzNXDvVTOYkiM0JmU9fSiw80rK60cUhUlAFN0hF0QfGDmntuH4VtA%3D%3D&union_lens=lensId:TAPI@1588239255@0b847668_0e8f_171ca6fc7e1_d4d4@01,'https://uland.taobao.com/ccoupon/edetail?e=BDRkAnGuPaUE%2BdAb1JoOOg4NTOIIYMigLG4WZj6ql269h9WI3GtV%2BwVTu0dslSZGjsh80YYZLQufJ%2FXQEpP9ckgLzsc4RDql%2FnNA6NfsJbiBA9I59CpFie%2FDpAZTKJqwT8Wi%2FwpMD0XndQF%2BfRtBUQR5B1bKRFr9kGH6wWCd7AKas34aRsvQrS3%2FM4lAwO%2BXrOugqOzy%2BV3F8WVlIJ68AEy5otPERvyno4uTMKfHYjBooUWlYkmfDjAJPvlWxLK83d%2F9HmpOUm5I%2FNnGgWUbcg%3D%3D&traceId=0b01da7215882392554911379e&union_lens=lensId:TAPI@1588239255@0b847668_0e8f_171ca6fc7e1_d4d4@01,'来自淘宝人气：236360,'600581308088,'6821435678774315789,,分享FRANKIE的单曲《When I'm Ready》:?http://music.163.com/song/1317494052/?userid=1508029736?(来自@网易云音乐)
'19,'豆豆_Babe,'6821055607462808835,'油头猪猪的洗发水来啦！！干爽一整夏～嘻,'2020-04-29 16:59:46,'335441,'10870,'3966,豆豆 摇滚动物园1980氨基酸洗发水/护发素控油丰盈蓬松修护无硅油,'9206,'55,'5144228,'53304917615,'http://v26-dy.ixigua.com/3595dce05ca66ddab9fff279b13f89ea/5f09c991/video/tos/cn/tos-cn-ve-15/b9dc2bd542534684808ebff555e53cc2/?a=1128&br=3564&bt=1188&cr=3&cs=0&dr=0&ds=6&er=&l=2020071121134101001404720712369733&lr=all&mime_type=video_mp4&qs=0&rc=amY5OzhzNnVtdDMzNmkzM0ApOGdnOzk8ZTxnNzc3aGc1ZmdhY2BoMmBrbWhfLS0wLS9zc180M2JhM2AzX140NjE2NS06Yw%3D%3D&vl=&vr=,'https://s.click.taobao.com/t?e=m%3D2%26s%3DiE%2Bgs6Pq5AZw4vFB6t2Z2ueEDrYVVa64XoO8tOebS%2BdRAdhuF14FMQO40cN3Tjkpxq3IhSJN6GSMSKbZroYumZTeN%2BvHCM%2BQNQjLCS6C9JV1Qtn6JZlC6yQYRxDRWsrMpjCOhSFhd71u6uUC%2Bfm47QtkyqhBb5%2B4EPtgYSZZAUvNy6VfD8aHxJ6P%2Fjo9mSm0u1hwwTZ58ugBJ0Rc%2BqdqEZlQkYymFH%2BuapHkuYM1pjmw%2BsAwPecJ0l3Vqs6USYPR9wQ0yWVTxALVXAk4Fj8kDPIQuFRFhL0ixiXvDf8DaRs%3D&union_lens=lensId:TAPI@1592305174@0b17556a_1aff_172bcc8c75d_b861@01,','来自淘宝人气：311420,'616638326306,'6821055716887972621,,SG Lewis/Clairo《Throwaway (SG Lewis x Clairo)》https://c.y.qq.com/base/fcgi-bin/u?__=q5iMWwA @QQ音乐
'20,'豆豆_Babe,'6820314297533467908,'出门会被人问的口红 找的我好辛苦啊,'2020-04-27 17:03:08,'644099,'33667,'12583,'豆豆physiciansformula PF小丸子口红同色双质感唇膏,'3547,'89,'5144228,'53304917615,'http://v26-dy.ixigua.com/989b551c4d1af5a0592d468dc3aa1320/5f09c9c1/video/tos/cn/tos-cn-ve-15/be6e7d787fdd4ef6a67bc24c953a4dfc/?a=1128&br=2985&bt=995&cr=3&cs=0&dr=0&ds=6&er=&l=2020071121134101001404720712369733&lr=all&mime_type=video_mp4&qs=0&rc=anltZm9nNWY8dDMzNmkzM0ApNzw8aTtmaDtoNzZkZDxmZWdeajRyYWRjcWdfLS0zLS9zc14zLTUuXjUyMC80XjZeLjI6Yw%3D%3D&vl=&vr=,'https://s.click.taobao.com/t?e=m%3D2%26s%3Dhm%2F3vTEpR%2FZw4vFB6t2Z2ueEDrYVVa64XoO8tOebS%2BdRAdhuF14FMYAhrv8Mms6nlovu%2FCElQOuMSKbZroYumZTeN%2BvHCM%2BQNQjLCS6C9JV1Qtn6JZlC6yQYRxDRWsrMpjCOhSFhd71u6uUC%2Bfm47QtkyqhBb5%2B4EPtgYSZZAUvNy6VfD8aHxJ6P%2Fjo9mSm0u1hwwTZ58ujF1tmJ4bpFw0xOawl1WVdnapHkuYM1pjmw%2BsAwPecJ0l3Vqs6USYPR9wQ0yWVTxALVXAk4Fj8kDPIQuFRFhL0ixiXvDf8DaRs%3D&union_lens=lensId:TAPI@1592305007@0b588f42_2ea5_172bcc63b75_7cf8@01,','来自淘宝人气：670526,'614810415074,'6820314458657737479,,renforshort《mind games》https://c.y.qq.com/base/fcgi-bin/u?__=qh47WwP @QQ音乐
'21,'豆豆_Babe,'6817723144367852803,猪猪们 真的要少吃零食 长豆实在太难受啦,'2020-04-20 17:28:22,'156761,'7581,'2682,'豆豆 柏翠丝一创镇稳水水膜收缩毛孔提亮修护柏翠丝面膜25g*6片,'3182,'99,'5144228,'53304917615,'http://v26-dy.ixigua.com/eb2142b4fdef7275d5fd4f2e75a992e3/5f09c9b5/video/tos/cn/tos-cn-ve-15/5763442fb98e4288884e200430112e44/?a=1128&br=3096&bt=1032&cr=3&cs=0&dr=0&ds=6&er=&l=2020071121134101001404720712369733&lr=all&mime_type=video_mp4&qs=0&rc=amVzbG43dG1wdDMzZWkzM0ApZGRpNmY6MzszNzU2Zjw4aWdecXJqcHAxZWJfLS0zLS9zczBiNl9fMTVfX2BiY2AwXi06Yw%3D%3D&vl=&vr=,'https://s.click.taobao.com/t?e=m%3D2%26s%3DTcUBxnNmXTdw4vFB6t2Z2ueEDrYVVa64XoO8tOebS%2BdRAdhuF14FMTRQ9ssfCVpM79%2FTFaMDK6SMSKbZroYumZTeN%2BvHCM%2BQNQjLCS6C9JV1Qtn6JZlC6yQYRxDRWsrMpjCOhSFhd71u6uUC%2Bfm47QtkyqhBb5%2B4EPtgYSZZAUvNy6VfD8aHxJ6P%2Fjo9mSm0u1hwwTZ58uj1NXlYRlyN5Hv3ASbp%2Fp9yapHkuYM1pjmw%2BsAwPecJ0l3Vqs6USYPR9wQ0yWVTxALVXAk4Fj8kDPIQuFRFhL0ixiXvDf8DaRs%3D&union_lens=lensId:TAPI@1592305279@0b1b1f91_35e4_172bcca6091_9aa8@01,','来自淘宝人气：82423,'616003799402,'6817709705134181123,,葛八岁《あったかいんだからぁ (Acoustic)》https://c.y.qq.com/base/fcgi-bin/u?__=mqs7Wwv @QQ音乐
'22,'豆豆_Babe,'6815118417008266500,猪猪们 悄悄的来一波春季美腻的口红,'2020-04-13 17:00:26,'1174385,'56032,'41440,'完美日记天鹅绒丝绒唇釉女V08雾面哑光口红唇彩持久平价学生V01,'309083,'59.9,'5144228,'53304917615,'http://v26-dy.ixigua.com/0a8c255b174633a602b429ad55b9aba3/5f09c9a5/video/tos/cn/tos-cn-ve-15/5d953fa314ee4f55ae8720811fd91643/?a=1128&br=3129&bt=1043&cr=3&cs=0&dr=0&ds=6&er=&l=2020071121134101001404720712369733&lr=all&mime_type=video_mp4&qs=0&rc=amRlZW9uczk0dDMzOGkzM0ApNTtpOzw6OGVkNzVlPDg1OGczbG5sYXAubl5fLS02LS9zc18uYWJeYjUtYTYyY14zNF46Yw%3D%3D&vl=&vr=,'https://s.click.taobao.com/t?e=m%3D2%26s%3Drl3RoRe2A85w4vFB6t2Z2ueEDrYVVa64yK8Cckff7TVRAdhuF14FMb%2BHMok8eLagt4hWD5k2kjOMSKbZroYumZTeN%2BvHCM%2BQNQjLCS6C9JV1Qtn6JZlC6yQYRxDRWsrMA09qWerTJ4Tj5oPmeWWScwtkyqhBb5%2B4EPtgYSZZAUvNy6VfD8aHxJ6P%2Fjo9mSm0u1hwwTZ58ujGli%2B56uAYBUEBTaUN1jGxapHkuYM1pjmw%2BsAwPecJ0l3Vqs6USYPR9wQ0yWVTxALVXAk4Fj8kDPIQuFRFhL0ixiXvDf8DaRs%3D&union_lens=lensId:TAPI@1587191893@0b1733e3_0eb3_1718c024ee4_c271@01,'https://uland.taobao.com/ccoupon/edetail?e=aF5U0WrBEIkE%2BdAb1JoOOjnUBj2HFCEkZkyWLETSTUW9h9WI3GtV%2BwVTu0dslSZGjsh80YYZLQufJ%2FXQEpP9ckgLzsc4RDql%2FnNA6NfsJbiBA9I59CpFie%2FDpAZTKJqwT8Wi%2FwpMD0XndQF%2BfRtBUQR5B1bKRFr9kGH6wWCd7AKas34aRsvQrdiGlVXLfx%2BnrOugqOzy%2BV3F8WVlIJ68ANG8w%2FVRcqRKSn4qX%2Brddxias34aRsvQrdl4X1VWjKahljGx4D5wd7P2im4Cutz4pg%3D%3D&traceId=0b155af415871918936703095e&union_lens=lensId:TAPI@1587191893@0b1733e3_0eb3_1718c024ee4_c271@01,'来自淘宝人气：2439211,'614808935022,'6815113276960574222,,Elsa Kopf《Candy street》https://c.y.qq.com/base/fcgi-bin/u?__=FNz7WwW @QQ音乐
'23,'豆豆_Babe,'6813633818319244548,真的是我最爱的味道了 太好闻啦,'2020-04-09 16:59:26,'509467,'14920,'9142,'豆豆 roopy香水沐浴露持久留香清爽型沐浴液250ml,'13055,'55,'5144228,'53304917615,'http://v27-dy.ixigua.com/663e019fe2acef8beeac7921e683121d/5f09c9b2/video/tos/cn/tos-cn-ve-15/d905d9c588be4001a98d8da8e08019b5/?a=1128&br=3042&bt=1014&cr=3&cs=0&dr=0&ds=6&er=&l=202007112113440100080720121234E924&lr=all&mime_type=video_mp4&qs=0&rc=M3ByOGkzOmZodDMzaGkzM0ApODM0PDczNjs6NztoOjo0Z2djL2Zfb3JmMjRfLS01LS9zc2MxX2BiXzUuXjU1Ll4yXjI6Yw%3D%3D&vl=&vr=,'https://s.click.taobao.com/t?e=m%3D2%26s%3Dhcri3YMWXqxw4vFB6t2Z2ueEDrYVVa64XoO8tOebS%2BdRAdhuF14FMUb%2BPGxqoABvlovu%2FCElQOuMSKbZroYumZTeN%2BvHCM%2BQNQjLCS6C9JV1Qtn6JZlC6yQYRxDRWsrMpjCOhSFhd71u6uUC%2Bfm47QtkyqhBb5%2B4EPtgYSZZAUvNy6VfD8aHxJ6P%2Fjo9mSm0u1hwwTZ58ug4MTJDK79lUveLYcMfI%2FCXapHkuYM1pjmw%2BsAwPecJ0l3Vqs6USYPR9wQ0yWVTxALVXAk4Fj8kDPIQuFRFhL0ixiXvDf8DaRs%3D&union_lens=lensId:TAPI@1592305137@0b1af7c8_544b_172bcc83793_98d0@01,','来自淘宝人气：564070,'613421580270,'6813618039792438024,,Jazzystics《Walking On Sunshine》https://c.y.qq.com/base/fcgi-bin/u?__=35mHWwZ @QQ音乐
'24,'豆豆_Babe,'6807336733387017485,'猪猪们 涂抹式面膜 这可是我攒了很久的 快拿去吧,'2020-03-23 17:43:33,'303563,'8705,'9239,'豆豆 EviDenS伊菲丹超级面膜涂抹清洁收缩毛孔修护面膜10ml,'1402,'168,'5144228,'53304917615,'http://v27-dy.ixigua.com/9c1c633996011e394e736b5c0438f4c2/5f09c9da/video/tos/hxsy/tos-hxsy-ve-0015/06273901b75c466a983fd4d32a1c97fd/?a=1128&br=2838&bt=946&cr=3&cs=0&dr=0&ds=6&er=&l=202007112113440100080720121234E924&lr=all&mime_type=video_mp4&qs=0&rc=MzlpNjY7dXI7czMzO2kzM0ApaGU4ZWg8Zzs8N2Y8Ojk2PGdpbXFeai1wL3BfLS1iLS9zczU1YS5jYDZfL2MzMi5hLV86Yw%3D%3D&vl=&vr=,'https://s.click.taobao.com/t?e=m%3D2%26s%3D5AOjuFuO%2Bxxw4vFB6t2Z2ueEDrYVVa64XoO8tOebS%2BdRAdhuF14FMbM95nqWWNExxq3IhSJN6GSMSKbZroYumZTeN%2BvHCM%2BQNQjLCS6C9JV1Qtn6JZlC6yQYRxDRWsrMpjCOhSFhd71u6uUC%2Bfm47QtkyqhBb5%2B4EPtgYSZZAUvNy6VfD8aHxJ6P%2Fjo9mSm09LTl6LxCJKiZf2bjOYiOx%2Fm87mUgZcRMapHkuYM1pjmw%2BsAwPecJ0l3Vqs6USYPR9wQ0yWVTxALVXAk4Fj8kDPIQuFRFhL0ixiXvDf8DaRs%3D&union_lens=lensId:TAPI@1584956614@0b14fe5b_0ea6_17106c6a89c_8cd7@01,','来自淘宝人气：169354,'605255274758,'6807299663167998734,,分享Julie London的单曲《Never On Sunday (Remastered)》:?http://music.163.com/song/2776347/?userid=1508029736?(来自@网易云音乐)
'25,'豆豆_Babe,'6805464205777538311,'猪猪们 在家呆着记得要做清洁啊 前两天吃炸鸡又长豆了 ??,'2020-03-18 16:37:13,'636414,'22659,'16401,'御泥坊氨基酸泥浆面膜深层清洁祛粉刺黑头毛孔控油涂抹式泥膜女,'244077,'89.9,'5144228,'53304917615,'http://v27-dy.ixigua.com/d7b6de68c6ddc9df6f93608db99e422c/5f09c9c2/video/tos/hxsy/tos-hxsy-ve-0015/bc500cd7ddaa4a5a97d2c79730678c8c/?a=1128&br=2856&bt=952&cr=3&cs=0&dr=0&ds=6&er=&l=202007112113440100080720121234E924&lr=all&mime_type=video_mp4&qs=0&rc=anR3a3VmaHh2czMzNmkzM0ApNDs5aTMzaTw7NzQ8NjQ7OGdlZWgxcXNlXmxfLS0yLS9zczIvNDIzMF4vNjI1YTAxYzY6Yw%3D%3D&vl=&vr=,'https://s.click.taobao.com/t?e=m%3D2%26s%3Dlgg86oqqXpRw4vFB6t2Z2ueEDrYVVa64yK8Cckff7TVRAdhuF14FMbbN8xGgbgy%2BJ1gyddu7kN%2BMSKbZroYumZTeN%2BvHCM%2BQNQjLCS6C9JV1Qtn6JZlC6yQYRxDRWsrMaCUL0hSCNep3F80%2Fjgg5gP1SarTXhIOTY%2BB6b2yaC%2B4cTNWtqRPez%2F7nyHmkoZi76owt168PKN8dj%2FrcM4fEq5vwKq1YN4qJZmCpj0I5V4Im%2BBUS%2Bsp%2BO0C0Lao9jUAj%2FJczdFpNkVgvqG9L0UO9Lc9kxRRHfUqm&union_lens=lensId:TAPI@1584520640@0b086864_0ed6_170ecca39c7_ccce@01,'https://uland.taobao.com/coupon/edetail?e=mi%2B2iZM7KYIbwa0ArmopK8A6M8%2F5bANaCQXmp38h532fcunf6ySOCibNPqg86C%2BuffAPUV%2BNB009Bcj4ur8lGoeNN1UYCHHuDdBaeqMEX0o8wV4X90h6EABfXUCCID%2FjWbyiexpXgeF%2FhdiKvUQDBhNrXgUBTGo7SEyvAL3v9LKMdcquGi9Qjljhj%2BCmrjkaJ47rYvIjaE1l3B%2F7Kybz5fdl89fUv30FMmnVmWO1H8uMdcquGi9QjlLajOROSSHlX2cXGIg%2BNIBZUe5lI5u4Rw%3D%3D&traceId=0b0b4b2315845206409132664e&union_lens=lensId:TAPI@1584520640@0b086864_0ed6_170ecca39c7_ccce@01,'来自淘宝人气：7984473,'23480436763,'6805460381239085836,,Minnutes《Discover》https://c.y.qq.com/base/fcgi-bin/u?__=6pIHWwv @QQ音乐
'26,'豆豆_Babe,'6802128290652884238,'猪猪们 补水面膜来啦呀,'2020-03-09 16:53:21,'701469,'13937,'5649,'豆豆 韩国VT黄金蜂蜜面膜补水保湿修复提亮紧致金砖面膜6片装,'7724,'69,'5144228,'53304917615,'http://v27-dy.ixigua.com/52e55cef3dcd40a044873ae3879a8b57/5f09c976/video/tos/cn/tos-cn-ve-15/267109294e7d49e88155ec850aaf2403/?a=1128&br=3096&bt=1032&cr=3&cs=0&dr=0&ds=6&er=&l=202007112113440100080720121234E924&lr=all&mime_type=video_mp4&qs=0&rc=M2lleDh0eHYzczMzOWkzM0ApZmc3OjQ2ODwzN2hkZmdoNGdqbzVqXzY0MmdfLS1jLS9zczU1Ml5fMjNeYTYvNmMzYy06Yw%3D%3D&vl=&vr=,'https://s.click.taobao.com/t?e=m%3D2%26s%3DR5ItoImK83tw4vFB6t2Z2ueEDrYVVa64XoO8tOebS%2BdRAdhuF14FMdCoBZL4O4hG8sviUM61dt2MSKbZroYumZTeN%2BvHCM%2BQNQjLCS6C9JV1Qtn6JZlC6yQYRxDRWsrMpjCOhSFhd71u6uUC%2Bfm47QtkyqhBb5%2B4EPtgYSZZAUvNy6VfD8aHxJ6P%2Fjo9mSm0u1hwwTZ58ughet0RNfwVMMYzmR8EgrgaapHkuYM1pjmw%2BsAwPecJ0l3Vqs6USYPR9wQ0yWVTxALVXAk4Fj8kDPIQuFRFhL0ixiXvDf8DaRs%3D&union_lens=lensId:TAPI@1592306032@0b08480f_4121_172bcd5e0f6_e112@01,','来自淘宝人气：365348,'613217830201,'6802124390860933895,,Lenka《Lucky》https://c.y.qq.com/base/fcgi-bin/u?__=TXTqWwJ @QQ音乐
'27,'豆豆_Babe,'6799896304311946509,'今天的底妆真的好好看呀 猪猪们一定要学会啊,'2020-03-03 16:32:55,'161264,'10181,'3305,'豆豆 纽西之谜隔离霜妆前乳打底提亮肤色遮瑕隐形毛孔补水新版50g,'5150,'99,'5144228,'53304917615,'http://v27-dy.ixigua.com/29d6d74328701304579cc9c1e44879fe/5f09c99a/video/tos/cn/tos-cn-ve-15/c391bf090f904a2ba3abc94e241c335d/?a=1128&br=2415&bt=805&cr=3&cs=0&dr=0&ds=6&er=&l=202007112113440100080720121234E924&lr=all&mime_type=video_mp4&qs=0&rc=M2dzaHN0PG40czMzNGkzM0ApNjxnOGdoZGRnNzk0NDdnaGcuM2k0MmVgLmNfLS0zLS9zczNgYGEwX2MxYC8tYy9eNV86Yw%3D%3D&vl=&vr=,'https://s.click.taobao.com/t?e=m%3D2%26s%3Dst5R6FdwyQFw4vFB6t2Z2ueEDrYVVa64XoO8tOebS%2BdRAdhuF14FMdHlCOnjos8Wxq3IhSJN6GSMSKbZroYumZTeN%2BvHCM%2BQNQjLCS6C9JV1Qtn6JZlC6yQYRxDRWsrMpjCOhSFhd71u6uUC%2Bfm47QtkyqhBb5%2B4EPtgYSZZAUvNy6VfD8aHxJ6P%2Fjo9mSm0u1hwwTZ58ui2qow%2FR4Z42wTEKkP2ELR2apHkuYM1pjmw%2BsAwPecJ0l3Vqs6USYPR9wQ0yWVTxALVXAk4Fj8kDPIQuFRFhL0ixiXvDf8DaRs%3D&union_lens=lensId:TAPI@1592305504@0b0fa5cd_51ae_172bccdd15d_a594@01,','来自淘宝人气：186241,'611573038608,'6799876446920739596,,Humbert Humbert (ハンバート ハンバート)《しろつめくさ (白诘草)》https://c.y.qq.com/base/fcgi-bin/u?__=MVDqWwu @QQ音乐
'28,'豆豆_Babe,'6798776026483772680,'猪猪们 你们的救星来啦 记得收藏哦,'2020-02-29 16:03:59,'131117,'7768,'4586,'豆豆 日本Cocochi AG抗糖修护精华霜保湿补水抗老紧致精华面霜,'502,'198,'5144228,'53304917615,'http://v26-dy.ixigua.com/7588a000f3259df6e45ea22f70814080/5f09c993/video/tos/cn/tos-cn-ve-15/bac5e1a6b6cc4012be052b127ce57264/?a=1128&br=2787&bt=929&cr=3&cs=0&dr=0&ds=6&er=&l=2020071121134701001206015613342304&lr=all&mime_type=video_mp4&qs=0&rc=M2h0ODtsNHA0czMzaWkzM0ApaDdpMztkNTs4Nzs0OjpmZ2dxbXNpaGoyaGFfLS0tLS9zczIuYzU0NmIzXi9fMDEyYzM6Yw%3D%3D&vl=&vr=,'https://s.click.taobao.com/t?e=m%3D2%26s%3DIdlpBtDeSXRw4vFB6t2Z2ueEDrYVVa64XoO8tOebS%2BdRAdhuF14FMaZrHOQNPneBlovu%2FCElQOuMSKbZroYumZTeN%2BvHCM%2BQNQjLCS6C9JV1Qtn6JZlC6yQYRxDRWsrMpjCOhSFhd71u6uUC%2Bfm47QtkyqhBb5%2B4EPtgYSZZAUvNy6VfD8aHxJ6P%2Fjo9mSm0u1hwwTZ58ujS%2FEnxZvCeKlorRRiOxs0XapHkuYM1pjmw%2BsAwPecJ0l3Vqs6USYPR9wQ0yWVTxALVXAk4Fj8kDPIQuFRFhL0ixiXvDf8DaRs%3D&union_lens=lensId:TAPI@1592305098@0b588f47_b608_172bcc79d11_b2f7@01,','来自淘宝人气：96944,'612388335054,'6798740572079016717,,"Shelly Fraley《Hi, Hi, Hi》https://c.y.qq.com/base/fcgi-bin/u?__=okUqWww @QQ音乐"
'29,'豆豆_Babe,'6798441029600054541,'我的猪猪们 我又来啦 这期学生党要收藏哦 #口红,'2020-02-28 18:24:01,'646096,'20209,'23500,'豆豆 moonseem极地之悦唇乳乳木果液体润唇膏保湿滋润打底防干裂,'4403,'49,'5144228,'53304917615,'http://v26-dy.ixigua.com/a4cc541f37ed02f86a851aac06574b08/5f09c9d1/video/tos/cn/tos-cn-ve-15/fb8f2bbff199422b8b44217eb14eadcc/?a=1128&br=2688&bt=896&cr=3&cs=0&dr=0&ds=6&er=&l=2020071121134701001206015613342304&lr=all&mime_type=video_mp4&qs=0&rc=am9nZGY1ZnBoczMzNGkzM0ApZDtnZGg4OmU2NzdnNztnZ2cuMWpfMG1vNWBfLS01LS9zczEtNTIuYjUzNC1hX2EtLjI6Yw%3D%3D&vl=&vr=,'https://s.click.taobao.com/t?e=m%3D2%26s%3DApor30gy9K9w4vFB6t2Z2ueEDrYVVa64XoO8tOebS%2BdRAdhuF14FMbNVkU2Vp%2B%2F81aH1Hk3GeOiMSKbZroYumZTeN%2BvHCM%2BQNQjLCS6C9JV1Qtn6JZlC6yQYRxDRWsrMpjCOhSFhd71u6uUC%2Bfm47QtkyqhBb5%2B4EPtgYSZZAUvNy6VfD8aHxJ6P%2Fjo9mSm09LTl6LxCJKgAFt12sULIEB%2BX6Aik4T6mapHkuYM1pjmw%2BsAwPecJ0l3Vqs6USYPR9wQ0yWVTxALVXAk4Fj8kDPIQuFRFhL0ixiXvDf8DaRs%3D&union_lens=lensId:TAPI@1592305766@0b8476ab_1dc3_172bcd1d0ec_b2b9@01,','来自淘宝人气：325890,'606605102585,'6798399216772205323,,CIKI《BOKE》https://c.y.qq.com/base/fcgi-bin/u?__=AMeUWwI @QQ音乐
'30,'豆豆_Babe,'6797747523378334989,'你们催了很久的美白篇来啦 猪猪们 快安排起来呀,'2020-02-26 21:32:39,'553525,'22897,'6530,'【仅限今日】娇韵诗光芒小瓷瓶美白淡斑面部精华液提亮肤色,'3618,'720,'5144228,'53304917615,'http://v26-dy.ixigua.com/c6b2756bb92398db2783728c7311a394/5f09c97f/video/tos/cn/tos-cn-ve-15/852081e7c5dc4006b5de684c8a66b0b2/?a=1128&br=2526&bt=842&cr=3&cs=0&dr=0&ds=6&er=&l=2020071121134701001206015613342304&lr=all&mime_type=video_mp4&qs=0&rc=anJtPGw7O2Y6czMzaWkzM0ApNWdkaDg2ZDxoNzNnOzpkN2cxc3NiaTI1Ll9fLS02LS9zc2EtYGAuYjMtMy1gXy8yYC86Yw%3D%3D&vl=&vr=,'https://s.click.taobao.com/t?e=m%3D2%26s%3DZoKEJFbN2pZw4vFB6t2Z2ueEDrYVVa64yK8Cckff7TVRAdhuF14FMchaVsGxHEajJ1gyddu7kN%2BMSKbZroYumZTeN%2BvHCM%2BQNQjLCS6C9JV1Qtn6JZlC6yQYRxDRWsrM2ict0uvGd9IEBZVDp696zgtkyqhBb5%2B4EPtgYSZZAUvNy6VfD8aHxJ6P%2Fjo9mSm0u1hwwTZ58uhR3kjoY7QpZIXktkPnAUqhapHkuYM1pjmw%2BsAwPecJ0l3Vqs6USYPR9wQ0yWVTxALVXAk4Fj8kDPIQuFRFhL0ixiXvDf8DaRs%3D&union_lens=lensId:0b57b768_0ccc_17081b30d5e_6559&xId=3Fr8A3hqmEzphcTb6DzkpK9vbjO2q58Uk2gSKwyMJkCHnujs1YXyF0z4AX6r3cBBHefku95kCARIEsm9jQ48o6&union_lens=lensId:MAPI@1582723960@0b0815c9_0de0_17081b30d61_6340@01,','来自淘宝人气：224521,'611490486637,'6797616685705972493,,The Spring Standards《Queen of the Lot》https://c.y.qq.com/base/fcgi-bin/u?__=pcTUWwy @QQ音乐
'31,'豆豆_Babe,'6796544759000288525,'猪猪们 少吃点瓜子 千万不要学我长大包,'2020-02-23 15:45:32,'306176,'10130,'10738,'豆豆 韩国DR.MIND达克蔓神木水急救修复收缩毛孔保湿补水红水,'3506,'99,'5144228,'53304917615,'http://v26-dy.ixigua.com/ee1fa2b3051afed85940d4e9175b860a/5f09c98d/video/tos/cn/tos-cn-ve-15/51807a09f02b47c69f56de09ebdadc66/?a=1128&br=2775&bt=925&cr=3&cs=0&dr=0&ds=6&er=&l=2020071121134701001206015613342304&lr=all&mime_type=video_mp4&qs=0&rc=ajx2azV3ZHI1czMzaGkzM0ApNWQ5ZzQ1Z2U6NzZlZ2U7NWdyL2FmamVxYjZfLS0vLS9zczYyYy00LzFhYjA0M2JiLi86Yw%3D%3D&vl=&vr=,'https://s.click.taobao.com/t?e=m%3D2%26s%3DUpmNQz2dnLxw4vFB6t2Z2ueEDrYVVa64XoO8tOebS%2BdRAdhuF14FMa8BfxwqSe8vMMgx22UI05aMSKbZroYumZTeN%2BvHCM%2BQNQjLCS6C9JV1Qtn6JZlC6yQYRxDRWsrMpjCOhSFhd71u6uUC%2Bfm47QtkyqhBb5%2B4EPtgYSZZAUvNy6VfD8aHxJ6P%2Fjo9mSm0u1hwwTZ58uib%2FBDxfa4fTe93NfNoOpmrapHkuYM1pjmw%2BsAwPecJ0l3Vqs6USYPR9wQ0yWVTxALVXAk4Fj8kDPIQuFRFhL0ixiXvDf8DaRs%3D&union_lens=lensId:TAPI@1592306538@0b086c54_6350_172bcdd99be_2a04@01,','来自淘宝人气：103661,'611498501312,'6796514170712935171,,Ellem《Tape and Glue》https://c.y.qq.com/base/fcgi-bin/u?__=2qKUWwq @QQ音乐
'32,'豆豆_Babe,'6793602746009341192,'猪猪们 快快把头发养好 我们一起去洗剪吹,'2020-02-15 17:29:05,'162263,'7135,'2027,'Herbalessences植感哲学氨基酸洗护洗发水400ml/护发素180,'2783,'68.9,'5144228,'53304917615,'http://v26-dy.ixigua.com/d8cfe873c022680a7a626beafd526baf/5f09c993/video/tos/cn/tos-cn-ve-15/d7432de9093b43a4a3e839111da2436d/?a=1128&br=3189&bt=1063&cr=3&cs=0&dr=0&ds=6&er=&l=2020071121134701001206015613342304&lr=all&mime_type=video_mp4&qs=0&rc=andrc3VsZzx1czMzPGkzM0ApN2czaTY8NWU3N2g3OmdnNWdoYW5qMGltMzBfLS1eLS9zcy40YzY0YDQ2Ni00NWIuYWA6Yw%3D%3D&vl=&vr=,'https://s.click.taobao.com/t?e=m%3D2%26s%3DMRrDj0eQxh1w4vFB6t2Z2ueEDrYVVa64yK8Cckff7TVRAdhuF14FMcoutk4zYnVw1aH1Hk3GeOiMSKbZroYumZTeN%2BvHCM%2BQNQjLCS6C9JV1Qtn6JZlC6yQYRxDRWsrMXKbGNE%2FudIY3kfMetKVN2s0Q9fK1X0AuhLjO8JFSuq5qGmoLahT%2BZz%2BFa8QW0pMbTc7jC1Dcr3Rcfm37xb4PJeNHaUjmC2AUW%2FPAFp7rHR4cTNWtqRPezzPihM1enhJMVFzNXDvVTOYkiM0JmU9fSiw80rK60cUhUlAFN0hF0QfGDmntuH4VtA%3D%3D&union_lens=lensId:0b0ae8da_0bc8_170482e1da5_2281&xId=CFuvhLGXNOWvQcnnQOd3fSI5x0f6GA0l9mNQ2r3eKHVpjmRZsQ9o3U7b8sJUaFnEXCcMzKCpwLLoMi5wogPb3F&union_lens=lensId:0b0b3631_0e08_170482e1da6_1aa0,','来自淘宝人气：358378,'609705624019,'6793593901711100684,,手嶌葵 (てしま あおい)《Bibbidi Bobbidi Boo》https://c.y.qq.com/base/fcgi-bin/u?__=kT7UWwm @QQ音乐
'33,'豆豆_Babe,'6781352874824715527,'有多少猪猪是精致的 快举手我看看  #海草计划,'2020-01-13 17:13:12,'462274,'5855,'14287,'豆豆 roopy润培护手霜女秋冬季滋润保湿补水防干裂便携小巧,'8453,'29.9,'5144228,'53304917615,'http://v27-dy.ixigua.com/983ba5f56267d001904536108cfd788c/5f09c988/video/tos/cn/tos-cn-ve-15/a0464a6d17454990baf7d7094785f99e/?a=1128&br=3462&bt=1154&cr=3&cs=0&dr=0&ds=6&er=&l=202007112113500100140470880B345051&lr=all&mime_type=video_mp4&qs=0&rc=M3JwODtsNDY2cjMzPGkzM0ApZWczNmRlOmU2NzNkZzVlO2dwaC1qaGoyMWJfLS1iLS9zczUzNWFgMDE0MV81YTI1LTU6Yw%3D%3D&vl=&vr=,'https://s.click.taobao.com/t?e=m%3D2%26s%3DZenpJ7t5mNNw4vFB6t2Z2ueEDrYVVa64XoO8tOebS%2BdRAdhuF14FMThQr73wTmz8J1gyddu7kN%2BMSKbZroYumZTeN%2BvHCM%2BQNQjLCS6C9JV1Qtn6JZlC6yQYRxDRWsrMpjCOhSFhd71u6uUC%2Bfm47QtkyqhBb5%2B4EPtgYSZZAUvNy6VfD8aHxJ6P%2Fjo9mSm09LTl6LxCJKjfNqDZCpci8Hv3ASbp%2Fp9yapHkuYM1pjmw%2BsAwPecJ0l3Vqs6USYPR9wQ0yWVTxALVXAk4Fj8kDPIQuFRFhL0ixiXvDf8DaRs%3D&union_lens=lensId:TAPI@1592306480@0b1b1f91_35e4_172bcdcb433_d9db@01,','来自淘宝人气：394011,'609015887402,'6781320428288805645,,Deep East Music《The Dollhouse Dance》https://c.y.qq.com/base/fcgi-bin/u?__=H012WwF @QQ音乐
'34,'豆豆_Babe,'6779500704831671566,'猪猪们 年前最后一波宝藏啦 快拿走吧 #海草计划,'2020-01-08 17:25:45,'338866,'4982,'6806,'豆豆 日本Loomen纳米级万毛牙刷软毛细毛360度清洁口腔情侣款,'1873,'14.9,'5144228,'53304917615,'http://v27-dy.ixigua.com/7b7d8e91e791277ab694b3876e472c5d/5f09c98d/video/tos/cn/tos-cn-ve-15/01035cf4e6ed43588f3e03f0b4940c19/?a=1128&br=3489&bt=1163&cr=3&cs=0&dr=0&ds=6&er=&l=202007112113500100140470880B345051&lr=all&mime_type=video_mp4&qs=0&rc=MzZxbWVkd2ZzcjMzZmkzM0ApaThmO2Q4OmRoNzlpZ2czOWctbDVgZTVycF5fLS1iLS9zc2EwMF9eNTQuM2FeLTY0MF46Yw%3D%3D&vl=&vr=,'https://s.click.taobao.com/t?e=m%3D2%26s%3DZTIgz6AP6BNw4vFB6t2Z2ueEDrYVVa64XoO8tOebS%2BdRAdhuF14FMd6LvzApqLBwMMgx22UI05aMSKbZroYumZTeN%2BvHCM%2BQNQjLCS6C9JV1Qtn6JZlC6yQYRxDRWsrMpjCOhSFhd71u6uUC%2Bfm47QtkyqhBb5%2B4EPtgYSZZAUvNy6VfD8aHxJ6P%2Fjo9mSm0u1hwwTZ58uhSZpNm6aXS3O93NfNoOpmrapHkuYM1pjmw%2BsAwPecJ0l3Vqs6USYPR9wQ0yWVTxALVXAk4Fj8kDPIQuFRFhL0ixiXvDf8DaRs%3D&union_lens=lensId:0b57bdf0_0c90_16f89c41a74_ce4f&xId=9EFlgboWxeLTEc4ymtQ4fyLrNo0EoKqeZFMJHfKoCAmAJJhOdPB9aNgbtPR36z8JIHDdxJnQKoptTaMXUOlWCG&union_lens=lensId:0b0b68eb_0d01_16f89c41a73_2b17,','来自淘宝人气：69644,'610462689212,'6779488749731547917,,Foxtail-Grass Studio《氷だらけのアイスコーヒー (全是冰的冰咖啡)》https://c.y.qq.com/base/fcgi-bin/u?__=K0E2Wwk @QQ音乐
'35,'豆豆_Babe,'6779145299534400781,'猪猪们 快拿走回家美美的过年吧 #海草计划,'2020-01-07 18:27:30,'364956,'6468,'6453,'豆豆 Flortte花洛莉亚四色眼影大地配色金葱闪片神仙配色日常方便,'882,'45,'5144228,'53304917615,'http://v27-dy.ixigua.com/795f7c7adad6bb0495598d1c993a7698/5f09c991/video/tos/hxsy/tos-hxsy-ve-0015/5dc5962b66a34b708c48a4145f7733b0/?a=1128&br=4929&bt=1643&cr=3&cs=0&dr=0&ds=6&er=&l=202007112113500100140470880B345051&lr=all&mime_type=video_mp4&qs=0&rc=ajtyM2VpZm84cjMzZWkzM0ApNmlmZWdpNGQ6N2c3NzQ8OGcyaS5pMGRla15fLS0zLS9zc19fXi40Yy0yMDJiMDJjMzU6Yw%3D%3D&vl=&vr=,'https://s.click.taobao.com/t?e=m%3D2%26s%3DG0eZxWQuZlJw4vFB6t2Z2ueEDrYVVa64XoO8tOebS%2BdRAdhuF14FMULRug1mXPw0t4hWD5k2kjOMSKbZroYumZTeN%2BvHCM%2BQNQjLCS6C9JV1Qtn6JZlC6yQYRxDRWsrMpjCOhSFhd71u6uUC%2Bfm47QtkyqhBb5%2B4EPtgYSZZAUvNy6VfD8aHxJ6P%2Fjo9mSm0u1hwwTZ58ujcaGBL2u8T7%2B5WcPUKw5%2FPapHkuYM1pjmw%2BsAwPecJ0l3Vqs6USYPR9wQ0yWVTxALVXAk4Fj8kDPIQuFRFhL0ixiXvDf8DaRs%3D&union_lens=lensId:TAPI@1592305963@0b14dca0_1fa5_172bcd4d07c_d2c2@01,','来自淘宝人气：237936,'610929415107,'6779131903212587787,,Kimmi Smiles/Jake Broido《The Lazy Song》https://c.y.qq.com/base/fcgi-bin/u?__=jOu2Wwv @QQ音乐
'36,'豆豆_Babe,'6777658559929928974,'这次也真是费心了 眼线画法猪猪们一定要学会哟 #海草计划,'2020-01-03 18:18:00,'321651,'7581,'14191,'小奥汀眼线液笔 彩色防水不晕染持久棕色胶笔极细新手初学者奥丁,'295681,'69,'5144228,'53304917615,'http://v27-dy.ixigua.com/3cebcdb64430eb8311899739d2ce302f/5f09c97c/video/tos/cn/tos-cn-ve-15/2a56f8567fb9490099c6868628b54889/?a=1128&br=2973&bt=991&cr=3&cs=0&dr=0&ds=6&er=&l=202007112113500100140470880B345051&lr=all&mime_type=video_mp4&qs=0&rc=ampxbHY3dHJrcjMzZWkzM0ApZTdkNGU8ZWU6NzQ8Ojk2OWc0YzJmcHBgLzRfLS0zLS9zczBeNjM2Nl5eL2AuNDNgYzU6Yw%3D%3D&vl=&vr=,'https://s.click.taobao.com/t?e=m%3D2%26s%3DLmrMObsQEGNw4vFB6t2Z2ueEDrYVVa64yK8Cckff7TVRAdhuF14FMWRqe1Pb%2FL5ERitN3%2FurF3yMSKbZroYumZTeN%2BvHCM%2BQNQjLCS6C9JV1Qtn6JZlC6yQYRxDRWsrMlZJzdBur2T90BhTi5afsbwtkyqhBb5%2B4EPtgYSZZAUvNy6VfD8aHxJ6P%2Fjo9mSm09LTl6LxCJKhdRMZl2Qb2hx6vLnNQmfvxapHkuYM1pjmw%2BsAwPecJ0l3Vqs6USYPR9wQ0yWVTxALVXAk4Fj8kDPIQuFRFhL0ixiXvDf8DaRs%3D&union_lens=lensId:0b57b768_7d12_16f6ae970fa_4acf&xId=pkMLHEvjlaJR7Kp0SWb03Cwp6zwp79MWpk88H4mwvrmXswIBF9yNPjcAGrDt2HyXkaZ8yewWi0SXFr9JVNa9z3&union_lens=lensId:0b093a51_d617_16f6ae970fe_deeb,'https://uland.taobao.com/coupon/edetail?e=rnsWUaEYgOoE%2BdAb1JoOOlXvYXE87gANEs59R7q0w6u9h9WI3GtV%2BwVTu0dslSZGjsh80YYZLQufJ%2FXQEpP9ckgLzsc4RDql%2FnNA6NfsJbiBA9I59CpFie%2FDpAZTKJqwT8Wi%2FwpMD0XndQF%2BfRtBUQR5B1bKRFr9kGH6wWCd7AKas34aRsvQrdiGlVXLfx%2BnrOugqOzy%2BV3F8WVlIJ68ANG8w%2FVRcqRKSn4qX%2Brddxias34aRsvQrdl4X1VWjKahpfrAsjO7ZT3AjxFztbMnIA%3D%3D&traceId=0b15529415780466812873639e&union_lens=lensId:0b57b768_7d12_16f6ae970fa_4acf&xId=pkMLHEvjlaJR7Kp0SWb03Cwp6zwp79MWpk88H4mwvrmXswIBF9yNPjcAGrDt2HyXkaZ8yewWi0SXFr9JVNa9z3&union_lens=lensId:0b093a51_d617_16f6ae970fe_deeb,'来自淘宝人气：5547051,'605696975243,'6777648320565840643,,Stories《When You Left Me 02》https://c.y.qq.com/base/fcgi-bin/u?__=FIG2WwK @QQ音乐
'37,'豆豆_Babe,'6772823973983046919,'猪们 进阶精致女孩的第一步来啦 #海草计划,'2019-12-21 17:37:21,'177224,'3119,'2318,'豆豆 海肌兰女性内衣裤清洗液去污渍留香不伤手550ml,'6044,'35,'5144228,'53304917615,'http://v27-dy.ixigua.com/acdb45eb48080035f001496414db5747/5f09c96f/video/tos/cn/tos-cn-ve-15/b208bc1a235b4d6981ed0a0b0f0891af/?a=1128&br=2646&bt=882&cr=3&cs=0&dr=0&ds=6&er=&l=202007112113500100140470880B345051&lr=all&mime_type=video_mp4&qs=0&rc=ajxnNXV4OzN4cTMzN2kzM0ApZjpoNDg6Zjs4N2g5O2k8OGdeLS8uaC5wYnJfLS1fLS9zcy1gNmNjMTRfLTReNmAtLjA6Yw%3D%3D&vl=&vr=,'https://s.click.taobao.com/t?e=m%3D2%26s%3DR0Rg%2Flv0swJw4vFB6t2Z2ueEDrYVVa64XoO8tOebS%2BdRAdhuF14FMZJYMgcFc%2Fht79%2FTFaMDK6SMSKbZroYumZTeN%2BvHCM%2BQNQjLCS6C9JV1Qtn6JZlC6yQYRxDRWsrMpjCOhSFhd71u6uUC%2Bfm47QtkyqhBb5%2B4EPtgYSZZAUvNy6VfD8aHxJ6P%2Fjo9mSm09LTl6LxCJKgt0BW0YG5rfJKcczQT3qtsapHkuYM1pjmw%2BsAwPecJ0l3Vqs6USYPR9wQ0yWVTxALVXAk4Fj8kDPIQuFRFhL0ixiXvDf8DaRs%3D&union_lens=lensId:0b014932_0c57_16f89cb25d8_3ef9&xId=dBTdwzNATubKrWLgkZXQ4D4hTyC6cOpVpkMepj90EgPBFaIRZ0WqZ5rlLLwHxBJbGgSyxIvaDpIzmxwcSWen1n&union_lens=lensId:0b093a51_0d16_16f89cb25db_db5e,','来自淘宝人气：164726,'609588535198,'6772781533485976328,,松田彬人 (まつだ あきと)《恋のエチュード》https://c.y.qq.com/base/fcgi-bin/u?__=qLB2Ww6 @QQ音乐
'38,'豆豆_Babe,'6770971165100969224,'猪猪们 冬天可得注意好保暖啊 #抖音上买的好东西 #海草计划,'2019-12-16 17:46:18,'177081,'4409,'3513,'【小林制药】暖宝宝贴女宫寒贴暖身贴自发热保暖贴30片即贴礼盒,'4064,'72,'5144228,'53304917615,'http://v27-dy.ixigua.com/5745b6601d84e00befabe23f35fccbff/5f09c958/video/tos/cn/tos-cn-ve-15/f116a973ea914987827c3dd37b76c660/?a=1128&br=3636&bt=1212&cr=3&cs=0&dr=0&ds=6&er=&l=202007112113500100140470880B345051&lr=all&mime_type=video_mp4&qs=0&rc=amxncm88ZnBvcTMzZmkzM0ApaTw3ZzVnNTtnNzpkNWU0O2dsZG5rZ2hfMW9fLS1eLTBzc15eYF5jLl4vMWBiY18yYi46Yw%3D%3D&vl=&vr=,'https://s.click.taobao.com/t?e=m%3D2%26s%3DsPiwi8jjUb1w4vFB6t2Z2ueEDrYVVa64yK8Cckff7TVRAdhuF14FMVA55LXc%2BzwZ79%2FTFaMDK6SMSKbZroYumZTeN%2BvHCM%2BQNQjLCS6C9JV1Qtn6JZlC6yQYRxDRWsrMNhQ8wCyi5j4Wum1SWVaQvYwe6%2FtGg2%2FRa39LVkuyq7fYR16Frqer%2F9kYvQZuIwx3O%2F1VprwkqA9u%2FZzIxAtQGtMtvXBoP%2F8Im7mCYPNDvKSXwxfIS7TjS5EIiGF4Iqgd%2Fd56SoJntGrXyZlWfJcPOus3jfRiCEcI&union_lens=lensId:0b015dd6_6924_16f0e19f590_946f&xId=cFpC6SWnNygaOXF7U3RpyxxXtIZRAxI1xJFxqln2gbo4vdgaXNsbuCeA5xdkljDTyHxqXEIt7yTPfW6pOiWXPZ&union_lens=lensId:0bb39b78_5cbc_16f0e19f591_8559,','来自淘宝人气：73340,'12410298635,'6770915735943285517,,Deep East Music《Bygone Bumps》https://c.y.qq.com/base/fcgi-bin/u?__=hG62WwT @QQ音乐
