,filename,mood,positive_rate,negative_rate,verb,noun,adjective
0,NJU Documents\抖音数据分析ppt\音乐数据库歌词\4円 ヨエン - アイロニ 反语.txt,negative,0.0550,0.9449,1,4,0
1,NJU Documents\抖音数据分析ppt\音乐数据库歌词\6诗人 - 卡布奇诺.txt,negative,0.0550,0.9449,1,4,0
2,NJU Documents\抖音数据分析ppt\音乐数据库歌词\88rising、Phum Viphurit、Higher Brothers - Lover Boy 88.txt,positive,0.9823,0.0176,0,3,0
3,NJU Documents\抖音数据分析ppt\音乐数据库歌词\911 - I Do.txt,positive,0.9321,0.0679,44,35,9
4,NJU Documents\抖音数据分析ppt\音乐数据库歌词\A-Lin - 有一种悲伤.txt,negative,0.0550,0.9449,1,4,0
5,NJU Documents\抖音数据分析ppt\音乐数据库歌词\AaronicStuff - Take a Walk [A Cappella].txt,positive,0.9321,0.0679,44,35,9
6,NJU Documents\抖音数据分析ppt\音乐数据库歌词\Adam Lambert - Trespassing.txt,positive,0.8758,0.1241,1,0,0
7,NJU Documents\抖音数据分析ppt\音乐数据库歌词\Adelén - Spell On Me.txt,negative,0.5,0.5,0,0,0
8,NJU Documents\抖音数据分析ppt\音乐数据库歌词\AGA - Wonderful U Demo.txt,negative,0.0550,0.9449,1,4,0
9,NJU Documents\抖音数据分析ppt\音乐数据库歌词\Alan Walker - Alone.txt,negative,0.0550,0.9449,1,4,0
10,NJU Documents\抖音数据分析ppt\音乐数据库歌词\Alan Walker _ Iselin Solheim - Faded.txt,negative,0.0550,0.9449,1,4,0
11,NJU Documents\抖音数据分析ppt\音乐数据库歌词\Alan Walker _ Noah Cyrus _ Digital Farm Animals _ Juliander - All Falls Down.txt,negative,0.0550,0.9449,1,4,0
12,NJU Documents\抖音数据分析ppt\音乐数据库歌词\Alina Baraz _ filous _ Khalid - Floatingfeat. Khalid filous Remix.txt,negative,0.5,0.5,0,0,0
13,NJU Documents\抖音数据分析ppt\音乐数据库歌词\Approaching Nirvana - You.txt,negative,0.0550,0.9449,1,4,0
14,NJU Documents\抖音数据分析ppt\音乐数据库歌词\Armin Van Buuren _ Mr.Probz - Another You.txt,negative,0.5,0.5,0,0,0
15,NJU Documents\抖音数据分析ppt\音乐数据库歌词\Armin Van Buuren _ Roxanne Emery - On Fire Radio Edit.txt,negative,0.5,0.5,0,0,0
16,NJU Documents\抖音数据分析ppt\音乐数据库歌词\Austin Mahone _ Rich Homie Quan - Send It.txt,negative,0.0550,0.9449,1,4,0
17,NJU Documents\抖音数据分析ppt\音乐数据库歌词\Austin Mahone、Rich Homie Quan - Send It.txt,positive,0.9823,0.0176,0,3,0
18,NJU Documents\抖音数据分析ppt\音乐数据库歌词\Ava Max - Sweet but Psycho.txt,negative,0.5,0.5,0,0,0
19,NJU Documents\抖音数据分析ppt\音乐数据库歌词\Avicii _ Rita Ora - Lonely Together.txt,negative,0.5,0.5,0,0,0
20,NJU Documents\抖音数据分析ppt\音乐数据库歌词\Avril Lavigne - Girlfriend.txt,negative,0.5,0.5,0,0,0
21,NJU Documents\抖音数据分析ppt\音乐数据库歌词\Axel Johansson - Do Or Die.txt,negative,0.5,0.5,0,0,0
22,NJU Documents\抖音数据分析ppt\音乐数据库歌词\Ayo97 _ 周思涵 - 感谢你曾来过.txt,negative,0.0550,0.9449,1,4,0
23,NJU Documents\抖音数据分析ppt\音乐数据库歌词\Bazzi - Myself.txt,negative,0.0550,0.9449,1,4,0
24,NJU Documents\抖音数据分析ppt\音乐数据库歌词\Beatrich - Superstar.txt,positive,0.6999,0.3001,105,32,19
25,NJU Documents\抖音数据分析ppt\音乐数据库歌词\Bebe Rexha - Ferrari.txt,negative,0.0550,0.9449,1,4,0
26,NJU Documents\抖音数据分析ppt\音乐数据库歌词\Bebe Rexha - I Got You.txt,negative,0.5,0.5,0,0,0
27,NJU Documents\抖音数据分析ppt\音乐数据库歌词\BEYOND - 不再犹豫.txt,negative,0.5,0.5,0,0,0
28,NJU Documents\抖音数据分析ppt\音乐数据库歌词\BEYOND - 情人.txt,positive,0.9683,0.0317,45,39,14
29,NJU Documents\抖音数据分析ppt\音乐数据库歌词\BEYOND - 海阔天空.txt,negative,0.1889,0.8111,72,30,5
30,NJU Documents\抖音数据分析ppt\音乐数据库歌词\BEYOND - 狂人山庄.txt,negative,0.5,0.5,0,0,0
31,NJU Documents\抖音数据分析ppt\音乐数据库歌词\BEYOND - 真的爱你.txt,positive,0.9874,0.0126,67,23,3
32,NJU Documents\抖音数据分析ppt\音乐数据库歌词\BIGBANG - GIRLFRIEND.txt,negative,0.0550,0.9449,1,4,0
33,NJU Documents\抖音数据分析ppt\音乐数据库歌词\BIGBANG - IF YOU.txt,negative,0.0550,0.9449,1,4,0
34,NJU Documents\抖音数据分析ppt\音乐数据库歌词\BIGBANG - LOSER.txt,negative,0.0550,0.9449,1,4,0
35,NJU Documents\抖音数据分析ppt\音乐数据库歌词\BigYear - 看好你的女友.txt,positive,0.9489,0.0511,108,27,15
36,NJU Documents\抖音数据分析ppt\音乐数据库歌词\Billie Eilish - idontwannabeyouanymore.txt,negative,0.0550,0.9449,1,4,0
37,NJU Documents\抖音数据分析ppt\音乐数据库歌词\Billie Eilish - wish you were gay.txt,negative,0.0550,0.9449,1,4,0
38,NJU Documents\抖音数据分析ppt\音乐数据库歌词\BLACKPINK - STAY.txt,negative,0.0550,0.9449,1,4,0
39,NJU Documents\抖音数据分析ppt\音乐数据库歌词\BY2 - 爱丫爱丫.txt,negative,0.4258,0.5742,66,34,28
40,NJU Documents\抖音数据分析ppt\音乐数据库歌词\Camila Cabello、Young Thug - Havana.txt,negative,0.3703,0.6297,67,19,10
41,NJU Documents\抖音数据分析ppt\音乐数据库歌词\Charlie Puth - Attention.txt,negative,0.0550,0.9449,1,4,0
42,NJU Documents\抖音数据分析ppt\音乐数据库歌词\Charlie Puth - We Don't Talk Anymore.txt,negative,0.0550,0.9449,1,4,0
43,NJU Documents\抖音数据分析ppt\音乐数据库歌词\Chris Medina - What Are Words.txt,negative,0.0550,0.9449,1,4,0
44,NJU Documents\抖音数据分析ppt\音乐数据库歌词\Colbie Caillat - Try.txt,negative,0.0550,0.9449,1,4,0
45,NJU Documents\抖音数据分析ppt\音乐数据库歌词\DAISHI DANCE ダイシ・ダンス _ Cécile Corbel - Take Me Hand.txt,negative,0.0550,0.9449,1,4,0
46,NJU Documents\抖音数据分析ppt\音乐数据库歌词\DiESi - 穿越时空的思念 Remix.txt,negative,0.0550,0.9449,1,4,0
47,NJU Documents\抖音数据分析ppt\音乐数据库歌词\dirt party - 337am.txt,negative,0.0550,0.9449,1,4,0
48,NJU Documents\抖音数据分析ppt\音乐数据库歌词\DJ OKAWARI - Luv Letter.txt,negative,0.0550,0.9449,1,4,0
49,NJU Documents\抖音数据分析ppt\音乐数据库歌词\DJ Snake _ Justin Bieber - Let Me Love You.txt,negative,0.0550,0.9449,1,4,0
50,NJU Documents\抖音数据分析ppt\音乐数据库歌词\DJ小鱼儿 - 一生回味一面.txt,positive,0.5157,0.4842,0,0,0
51,NJU Documents\抖音数据分析ppt\音乐数据库歌词\Ellie Goulding - Love Me Like You Do.txt,negative,0.0550,0.9449,1,4,0
52,NJU Documents\抖音数据分析ppt\音乐数据库歌词\Else - Paris.txt,negative,0.0550,0.9449,1,4,0
53,NJU Documents\抖音数据分析ppt\音乐数据库歌词\Embody _ Camden Cox - Dreamin'.txt,negative,0.0550,0.9449,1,4,0
54,NJU Documents\抖音数据分析ppt\音乐数据库歌词\Eminem _ Rihanna - Love The Way You Lie.txt,negative,0.0550,0.9449,1,4,0
55,NJU Documents\抖音数据分析ppt\音乐数据库歌词\en - 嚣张.txt,negative,0.0550,0.9449,1,4,0
56,NJU Documents\抖音数据分析ppt\音乐数据库歌词\en - 暗示分离.txt,negative,0.0550,0.9449,1,4,0
57,NJU Documents\抖音数据分析ppt\音乐数据库歌词\Feint - My Sunset Original Mix.txt,negative,0.0550,0.9449,1,4,0
58,NJU Documents\抖音数据分析ppt\音乐数据库歌词\Fitz & The Tantrums - HandClap.txt,positive,0.7007,0.2992,0,0,0
59,NJU Documents\抖音数据分析ppt\音乐数据库歌词\Freedom Plant Music - Colorful World.txt,negative,0.5,0.5,0,0,0
60,NJU Documents\抖音数据分析ppt\音乐数据库歌词\G.E.M. 邓紫棋 - 光年之外.txt,negative,0.0550,0.9449,1,4,0
61,NJU Documents\抖音数据分析ppt\音乐数据库歌词\G.E.M. 邓紫棋 - 泡沫.txt,negative,0.0550,0.9449,1,4,0
62,NJU Documents\抖音数据分析ppt\音乐数据库歌词\G.E.M.邓紫棋 - 我的秘密.txt,positive,0.913,0.087,95,48,27
63,NJU Documents\抖音数据分析ppt\音乐数据库歌词\Gamper & Dadoni _ Ember Island - Creep.txt,negative,0.0550,0.9449,1,4,0
64,NJU Documents\抖音数据分析ppt\音乐数据库歌词\Gibb-Z - My hot girl.txt,positive,0.9811,0.0189,74,34,24
65,NJU Documents\抖音数据分析ppt\音乐数据库歌词\Gibb-Z、ICE - 陪着你走.txt,positive,1.0,0.0,155,80,14
66,NJU Documents\抖音数据分析ppt\音乐数据库歌词\Groove Coverage - She Radio Edit.txt,positive,0.9933,0.0067,113,30,18
67,NJU Documents\抖音数据分析ppt\音乐数据库歌词\Hans Zimmer - Cornfield Chase.txt,negative,0.0550,0.9449,1,4,0
68,NJU Documents\抖音数据分析ppt\音乐数据库歌词\HITA - 赤伶.txt,negative,0.0550,0.9449,1,4,0
69,NJU Documents\抖音数据分析ppt\音乐数据库歌词\Ice Paper - 心如止水.txt,positive,0.6686,0.3313,1,2,0
70,NJU Documents\抖音数据分析ppt\音乐数据库歌词\iKON - LOVE SCENARIO.txt,negative,0.0550,0.9449,1,4,0
71,NJU Documents\抖音数据分析ppt\音乐数据库歌词\I·D·C - 想对你说情话.txt,negative,0.2704,0.7296,106,37,15
72,NJU Documents\抖音数据分析ppt\音乐数据库歌词\Jain - Lil Mama.txt,negative,0.4693,0.5307,143,53,17
73,NJU Documents\抖音数据分析ppt\音乐数据库歌词\Jelani Aryeh - Daunt.txt,negative,0.0550,0.9449,1,4,0
74,NJU Documents\抖音数据分析ppt\音乐数据库歌词\Jeremy Zucker - comethru.txt,negative,0.0550,0.9449,1,4,0
75,NJU Documents\抖音数据分析ppt\音乐数据库歌词\Joel Adams - Please Don't Go.txt,negative,0.0550,0.9449,1,4,0
76,NJU Documents\抖音数据分析ppt\音乐数据库歌词\joysaaaa - 两点半.txt,positive,0.7106,0.2893,0,1,1
77,NJU Documents\抖音数据分析ppt\音乐数据库歌词\Kaash Paige - LOVE SONGS.txt,negative,0.0550,0.9449,1,4,0
78,NJU Documents\抖音数据分析ppt\音乐数据库歌词\Katie Sky - Monsters.txt,negative,0.0550,0.9449,1,4,0
79,NJU Documents\抖音数据分析ppt\音乐数据库歌词\Kid Travis _ Rich Brian - History.txt,negative,0.0550,0.9449,1,4,0
80,NJU Documents\抖音数据分析ppt\音乐数据库歌词\Kim Taylor - I Am You.txt,negative,0.0550,0.9449,1,4,0
81,NJU Documents\抖音数据分析ppt\音乐数据库歌词\LEE HI - NO ONE.txt,negative,0.0550,0.9449,1,4,0
82,NJU Documents\抖音数据分析ppt\音乐数据库歌词\Leessang 리쌍 _ Ali 알리 - 내가 웃는게 아니야 我不是在笑.txt,negative,0.2316,0.7684,39,24,6
83,NJU Documents\抖音数据分析ppt\音乐数据库歌词\Lil Ghost小鬼 - GOOD NIGHT.txt,negative,0.2626,0.7373,1,0,0
84,NJU Documents\抖音数据分析ppt\音乐数据库歌词\Lil Wayne - Sucker For Pain.txt,negative,0.0550,0.9449,1,4,0
85,NJU Documents\抖音数据分析ppt\音乐数据库歌词\LINKIN PARK - In The End RemixDJ暖豪版.txt,negative,0.0550,0.9449,1,4,0
86,NJU Documents\抖音数据分析ppt\音乐数据库歌词\LIU - That Girl LIU Remix.txt,negative,0.0550,0.9449,1,4,0
87,NJU Documents\抖音数据分析ppt\音乐数据库歌词\M83 - Midnight City.txt,negative,0.0550,0.9449,1,4,0
88,NJU Documents\抖音数据分析ppt\音乐数据库歌词\MADILYN - Galway Girl.txt,negative,0.0550,0.9449,1,4,0
89,NJU Documents\抖音数据分析ppt\音乐数据库歌词\Maggie Lindemann - Pretty Girl.txt,negative,0.0550,0.9449,1,4,0
90,NJU Documents\抖音数据分析ppt\音乐数据库歌词\Mark Ronson _ Bruno Mars - Uptown Funk.txt,positive,0.9614,0.0385,0,0,0
91,NJU Documents\抖音数据分析ppt\音乐数据库歌词\Martin Garrix _ David Guetta _ Jamie Scott _ Romy - So Far Away.txt,negative,0.0550,0.9449,1,4,0
92,NJU Documents\抖音数据分析ppt\音乐数据库歌词\Martin Garrix _ Troye Sivan - There For You.txt,negative,0.0550,0.9449,1,4,0
93,NJU Documents\抖音数据分析ppt\音乐数据库歌词\MayPiano - Illusionary Daytime 钢琴版.txt,negative,0.0550,0.9449,1,4,0
94,NJU Documents\抖音数据分析ppt\音乐数据库歌词\MC七星 - 佛说.txt,negative,0.0550,0.9449,1,4,0
95,NJU Documents\抖音数据分析ppt\音乐数据库歌词\MC몽 - 죽을 만큼 아파서.txt,negative,0.0550,0.9449,1,4,0
96,NJU Documents\抖音数据分析ppt\音乐数据库歌词\Mister-Mardan - Jocelyn Flores.txt,negative,0.0550,0.9449,1,4,0
97,NJU Documents\抖音数据分析ppt\音乐数据库歌词\Nana - Lonely.txt,negative,0.0550,0.9449,1,4,0
98,NJU Documents\抖音数据分析ppt\音乐数据库歌词\Nohidea - Butterflies.txt,negative,0.0550,0.9449,1,4,0
99,NJU Documents\抖音数据分析ppt\音乐数据库歌词\Olly Murs - That Girl.txt,negative,0.0550,0.9449,1,4,0
100,NJU Documents\抖音数据分析ppt\音乐数据库歌词\Owl City - The Saltwater Room.txt,negative,0.0550,0.9449,1,4,0
101,NJU Documents\抖音数据分析ppt\音乐数据库歌词\Peter Roe - Last Reunion.txt,negative,0.0550,0.9449,1,4,0
102,NJU Documents\抖音数据分析ppt\音乐数据库歌词\Post Malone - Circles.txt,negative,0.0550,0.9449,1,4,0
103,NJU Documents\抖音数据分析ppt\音乐数据库歌词\RADWIMPS - なんでもないや.txt,negative,0.0550,0.9449,1,4,0
104,NJU Documents\抖音数据分析ppt\音乐数据库歌词\RADWIMPS - スパークル.txt,negative,0.0550,0.9449,1,4,0
105,NJU Documents\抖音数据分析ppt\音乐数据库歌词\RADWIMPS - 夢灯籠.txt,negative,0.4894,0.5105,0,1,0
106,NJU Documents\抖音数据分析ppt\音乐数据库歌词\RADWIMPS ラッドウィンプス - カイコ 蚕.txt,negative,0.0550,0.9449,1,4,0
107,NJU Documents\抖音数据分析ppt\音乐数据库歌词\RAiNBOW计划 _ 雷雨心 - 记念.txt,negative,0.0550,0.9449,1,4,0
108,NJU Documents\抖音数据分析ppt\音乐数据库歌词\Rihanna - Diamonds.txt,negative,0.0550,0.9449,1,4,0
109,NJU Documents\抖音数据分析ppt\音乐数据库歌词\S.H.E - 你曾是少年.txt,negative,0.0550,0.9449,1,4,0
110,NJU Documents\抖音数据分析ppt\音乐数据库歌词\S.H.E - 恋人未满.txt,negative,0.1537,0.8463,11,9,1
111,NJU Documents\抖音数据分析ppt\音乐数据库歌词\SeVen.13 - Limitless（无限）.txt,negative,0.0550,0.9449,1,4,0
112,NJU Documents\抖音数据分析ppt\音乐数据库歌词\Skylar Grey _ Diddy-Dirty Money - Coming Home.txt,negative,0.0550,0.9449,1,4,0
113,NJU Documents\抖音数据分析ppt\音乐数据库歌词\SNØW - Sunset_Sunrise Prod.Kendo.txt,negative,0.0550,0.9449,1,4,0
114,NJU Documents\抖音数据分析ppt\音乐数据库歌词\Sub Urban - Cradles.txt,negative,0.0550,0.9449,1,4,0
115,NJU Documents\抖音数据分析ppt\音乐数据库歌词\t.A.T.u. - Loves Me Not.txt,negative,0.0550,0.9449,1,4,0
116,NJU Documents\抖音数据分析ppt\音乐数据库歌词\The Chainsmokers _ Phoebe Ryan - All We Know.txt,negative,0.0550,0.9449,1,4,0
117,NJU Documents\抖音数据分析ppt\音乐数据库歌词\Timbaland _ OneRepublic - Apologize.txt,negative,0.0550,0.9449,1,4,0
118,NJU Documents\抖音数据分析ppt\音乐数据库歌词\Troye Sivan - Strawberries & Cigarettes.txt,negative,0.0550,0.9449,1,4,0
119,NJU Documents\抖音数据分析ppt\音乐数据库歌词\Troye Sivan _ Allday - For him..txt,negative,0.0550,0.9449,1,4,0
120,NJU Documents\抖音数据分析ppt\音乐数据库歌词\Tsuki _ Shiloh Dynasty - Who_feat. Shiloh Dynasty.txt,negative,0.0550,0.9449,1,4,0
121,NJU Documents\抖音数据分析ppt\音乐数据库歌词\Twinbed - Trouble I'm In.txt,negative,0.0550,0.9449,1,4,0
122,NJU Documents\抖音数据分析ppt\音乐数据库歌词\Twinbed - Trouble I'm In~1.txt,negative,0.0550,0.9449,1,4,0
123,NJU Documents\抖音数据分析ppt\音乐数据库歌词\Uu - 那女孩对我说.txt,negative,0.0550,0.9449,1,4,0
124,NJU Documents\抖音数据分析ppt\音乐数据库歌词\Uu - 那男孩还好吗.txt,negative,0.0550,0.9449,1,4,0
125,NJU Documents\抖音数据分析ppt\音乐数据库歌词\Various Artists - How You Make Me Feel.txt,negative,0.0550,0.9449,1,4,0
126,NJU Documents\抖音数据分析ppt\音乐数据库歌词\Vicetone _ Cozi Zuehlsdorff - Way Back feat. Cozi Zuehlsdorff.txt,negative,0.0550,0.9449,1,4,0
127,NJU Documents\抖音数据分析ppt\音乐数据库歌词\White Cherry - MELANCHOLY.txt,negative,0.0550,0.9449,1,4,0
128,NJU Documents\抖音数据分析ppt\音乐数据库歌词\Wiz Khalifa - See You Again.txt,negative,0.0550,0.9449,1,4,0
129,NJU Documents\抖音数据分析ppt\音乐数据库歌词\XXXTentacion - NUMB.txt,negative,0.0550,0.9449,1,4,0
130,NJU Documents\抖音数据分析ppt\音乐数据库歌词\XXXTentacion - SAD! Explicit.txt,negative,0.0550,0.9449,1,4,0
131,NJU Documents\抖音数据分析ppt\音乐数据库歌词\Ykey、Pro-Z - 到我怀里.txt,negative,0.0179,0.9821,98,25,32
132,NJU Documents\抖音数据分析ppt\音乐数据库歌词\Young 7 - 幸运女孩.txt,positive,0.7224,0.2776,128,39,19
133,NJU Documents\抖音数据分析ppt\音乐数据库歌词\Бамбинтон - Зая.txt,positive,0.9915,0.0085,68,38,10
134,NJU Documents\抖音数据分析ppt\音乐数据库歌词\ラムジ - PLANET.txt,negative,0.0550,0.9449,1,4,0
135,NJU Documents\抖音数据分析ppt\音乐数据库歌词\一口甜、二辰 - 靠近.txt,positive,0.7788,0.2212,72,36,12
136,NJU Documents\抖音数据分析ppt\音乐数据库歌词\丁丁 - 爱要坦荡荡 Live.txt,positive,0.9871,0.0129,76,17,18
137,NJU Documents\抖音数据分析ppt\音乐数据库歌词\丁可 - If.txt,negative,0.0550,0.9449,1,4,0
138,NJU Documents\抖音数据分析ppt\音乐数据库歌词\丁芙妮 - 只是太爱你.txt,negative,0.2609,0.7391,59,18,21
139,NJU Documents\抖音数据分析ppt\音乐数据库歌词\东子陌 - 爱不得忘不舍 DJ版.txt,negative,0.0550,0.9449,1,4,0
140,NJU Documents\抖音数据分析ppt\音乐数据库歌词\东子陌 - 送给未来的你.txt,negative,0.0550,0.9449,1,4,0
141,NJU Documents\抖音数据分析ppt\音乐数据库歌词\于文文 - 体面 咚鼓版DJ唐总、DJ陈安排版.txt,negative,0.0550,0.9449,1,4,0
142,NJU Documents\抖音数据分析ppt\音乐数据库歌词\于文文 - 体面.txt,negative,0.0550,0.9449,1,4,0
143,NJU Documents\抖音数据分析ppt\音乐数据库歌词\于果 - 侧脸.txt,negative,0.0550,0.9449,1,4,0
144,NJU Documents\抖音数据分析ppt\音乐数据库歌词\五月天 - 后来的我们.txt,negative,0.0550,0.9449,1,4,0
145,NJU Documents\抖音数据分析ppt\音乐数据库歌词\五月天 - 突然好想你.txt,negative,0.0550,0.9449,1,4,0
146,NJU Documents\抖音数据分析ppt\音乐数据库歌词\井胧 - 把孤独当做晚餐.txt,negative,0.0550,0.9449,1,4,0
147,NJU Documents\抖音数据分析ppt\音乐数据库歌词\任然 - 无人之岛.txt,positive,0.7156,0.2844,93,11,9
148,NJU Documents\抖音数据分析ppt\音乐数据库歌词\任然 - 飞鸟和蝉.txt,negative,0.0550,0.9449,1,4,0
149,NJU Documents\抖音数据分析ppt\音乐数据库歌词\伍佰 & China Blue - Last Dance.txt,positive,0.9481,0.0519,94,62,13
150,NJU Documents\抖音数据分析ppt\音乐数据库歌词\伍佰 - 挪威的森林.txt,positive,1.0,0.0,57,15,10
151,NJU Documents\抖音数据分析ppt\音乐数据库歌词\余佳运 - 我想.txt,positive,0.9877,0.0123,102,41,11
152,NJU Documents\抖音数据分析ppt\音乐数据库歌词\八三夭 - 想见你想见你想见你.txt,positive,0.8876,0.1123,1,3,0
153,NJU Documents\抖音数据分析ppt\音乐数据库歌词\凤凰传奇 - 奢香夫人.txt,positive,0.9937,0.0063,63,16,13
154,NJU Documents\抖音数据分析ppt\音乐数据库歌词\刘佳 - 爱的就是你.txt,positive,0.7912,0.2088,74,35,8
155,NJU Documents\抖音数据分析ppt\音乐数据库歌词\刘佳、十二星宿 风之少年 - 爱的就是你.txt,positive,0.9784,0.0216,103,57,20
156,NJU Documents\抖音数据分析ppt\音乐数据库歌词\刘大壮 - 一吻天荒 吉他版.txt,negative,0.0550,0.9449,1,4,0
157,NJU Documents\抖音数据分析ppt\音乐数据库歌词\刘大壮 - 给我一首歌的时间 片段.txt,negative,0.0550,0.9449,1,4,0
158,NJU Documents\抖音数据分析ppt\音乐数据库歌词\刘德华 - 17岁.txt,positive,0.9784,0.0216,103,57,20
159,NJU Documents\抖音数据分析ppt\音乐数据库歌词\刘惜君 - 芬芳一生.txt,positive,1.0,0.0,53,41,6
160,NJU Documents\抖音数据分析ppt\音乐数据库歌词\刘若英 - 后来.txt,negative,0.0550,0.9449,1,4,0
161,NJU Documents\抖音数据分析ppt\音乐数据库歌词\前男友 - 童话里有什么.txt,positive,0.9878,0.0122,34,44,10
162,NJU Documents\抖音数据分析ppt\音乐数据库歌词\北宸 - 无你.txt,positive,0.8876,0.1123,1,3,0
163,NJU Documents\抖音数据分析ppt\音乐数据库歌词\匠音夫妇 - 一点点喜欢.txt,positive,0.8876,0.1123,1,3,0
164,NJU Documents\抖音数据分析ppt\音乐数据库歌词\半吨兄弟 - 一生回味一面.txt,positive,0.9841,0.0159,125,72,31
165,NJU Documents\抖音数据分析ppt\音乐数据库歌词\半吨兄弟 - 我好喜欢你.txt,positive,0.9853,0.0147,82,30,3
166,NJU Documents\抖音数据分析ppt\音乐数据库歌词\半吨兄弟 - 我这一生.txt,positive,0.9592,0.0408,65,28,31
167,NJU Documents\抖音数据分析ppt\音乐数据库歌词\半阳 - 一曲相思.txt,negative,0.0550,0.9449,1,4,0
168,NJU Documents\抖音数据分析ppt\音乐数据库歌词\华晨宇、郎朗 - 好想爱这个世界啊 Live.txt,positive,0.8876,0.1123,1,3,0
169,NJU Documents\抖音数据分析ppt\音乐数据库歌词\单夕、阳逸晨 - 小可爱.txt,positive,0.9839,0.0161,73,24,8
170,NJU Documents\抖音数据分析ppt\音乐数据库歌词\单色凌 - 我想我不够好.txt,negative,0.0443,0.9557,82,14,33
171,NJU Documents\抖音数据分析ppt\音乐数据库歌词\卢冠廷 _ 莫文蔚 - 一生所爱.txt,negative,0.0550,0.9449,1,4,0
172,NJU Documents\抖音数据分析ppt\音乐数据库歌词\叫宝宝 - 愿.txt,positive,0.8876,0.1123,1,3,0
173,NJU Documents\抖音数据分析ppt\音乐数据库歌词\史蒂文·黄 - I Hate Falling In Love.txt,negative,0.0550,0.9449,1,4,0
174,NJU Documents\抖音数据分析ppt\音乐数据库歌词\叶倩文 - 选择.txt,negative,0.0013,0.9987,62,14,32
175,NJU Documents\抖音数据分析ppt\音乐数据库歌词\叶蓓 - 想把我唱给你听.txt,positive,0.7303,0.2697,71,13,0
176,NJU Documents\抖音数据分析ppt\音乐数据库歌词\司南 - 冬眠.txt,negative,0.0550,0.9449,1,4,0
177,NJU Documents\抖音数据分析ppt\音乐数据库歌词\司南 - 烟雨行舟.txt,negative,0.0550,0.9449,1,4,0
178,NJU Documents\抖音数据分析ppt\音乐数据库歌词\名决 - 时间的过客 抖音烟嗓版.txt,positive,0.9864,0.0136,57,31,35
179,NJU Documents\抖音数据分析ppt\音乐数据库歌词\名决 - 时间的过客.txt,negative,0.0550,0.9449,1,4,0
180,NJU Documents\抖音数据分析ppt\音乐数据库歌词\后弦 - 娃娃脸.txt,negative,0.0339,0.9661,66,24,14
181,NJU Documents\抖音数据分析ppt\音乐数据库歌词\向银莹 - 左肩.txt,positive,0.8876,0.1123,1,3,0
182,NJU Documents\抖音数据分析ppt\音乐数据库歌词\周传雄 - 冬天的秘密.txt,negative,0.0550,0.9449,1,4,0
183,NJU Documents\抖音数据分析ppt\音乐数据库歌词\周传雄 - 寂寞沙洲冷.txt,negative,0.0550,0.9449,1,4,0
184,NJU Documents\抖音数据分析ppt\音乐数据库歌词\周传雄 - 樱吹雪.txt,negative,0.0550,0.9449,1,4,0
185,NJU Documents\抖音数据分析ppt\音乐数据库歌词\周传雄 - 黄昏.txt,negative,0.0550,0.9449,1,4,0
186,NJU Documents\抖音数据分析ppt\音乐数据库歌词\周杰伦 - 不能说的秘密.txt,positive,0.9602,0.0398,47,66,8
187,NJU Documents\抖音数据分析ppt\音乐数据库歌词\周杰伦 - 告白气球.txt,positive,0.9364,0.0636,68,26,13
188,NJU Documents\抖音数据分析ppt\音乐数据库歌词\周杰伦 - 夜曲.txt,positive,0.921,0.079,56,27,15
189,NJU Documents\抖音数据分析ppt\音乐数据库歌词\周杰伦 - 晴天.txt,positive,0.5779,0.4221,82,58,21
190,NJU Documents\抖音数据分析ppt\音乐数据库歌词\周杰伦 - 烟花易冷.txt,negative,0.0550,0.9449,1,4,0
191,NJU Documents\抖音数据分析ppt\音乐数据库歌词\周杰伦 - 甜甜的.txt,negative,0.4869,0.5131,84,33,16
192,NJU Documents\抖音数据分析ppt\音乐数据库歌词\周杰伦 - 简单爱.txt,positive,0.9912,0.0088,78,25,22
193,NJU Documents\抖音数据分析ppt\音乐数据库歌词\周杰伦 - 给我一首歌的时间.txt,positive,0.995,0.005,117,36,8
194,NJU Documents\抖音数据分析ppt\音乐数据库歌词\周杰伦 - 说好不哭（with 五月天阿信）.txt,negative,0.0550,0.9449,1,4,0
195,NJU Documents\抖音数据分析ppt\音乐数据库歌词\周杰伦、杨瑞代 - 爱的飞行日记.txt,negative,0.0255,0.9745,129,51,6
196,NJU Documents\抖音数据分析ppt\音乐数据库歌词\周杰伦、袁咏琳 - 傻笑.txt,positive,0.9586,0.0414,68,52,16
197,NJU Documents\抖音数据分析ppt\音乐数据库歌词\周杰伦、袁咏琳 - 怎么了.txt,positive,0.8331,0.1669,105,35,11
198,NJU Documents\抖音数据分析ppt\音乐数据库歌词\周深 - 大鱼.txt,negative,0.0550,0.9449,1,4,0
199,NJU Documents\抖音数据分析ppt\音乐数据库歌词\周笔畅 - 最美的期待.txt,negative,0.1239,0.8761,124,48,26
200,NJU Documents\抖音数据分析ppt\音乐数据库歌词\哈利Halleeee - 星星失眠.txt,positive,0.8876,0.1123,1,3,0
201,NJU Documents\抖音数据分析ppt\音乐数据库歌词\喵子Luka - 未闻花名.txt,positive,0.8876,0.1123,1,3,0
202,NJU Documents\抖音数据分析ppt\音乐数据库歌词\喻言家 - 告白之夜 中文填词版.txt,negative,0.0550,0.9449,1,4,0
203,NJU Documents\抖音数据分析ppt\音乐数据库歌词\四只烤翅 - 给我一首歌的时间 四合院版片段.txt,negative,0.0550,0.9449,1,4,0
204,NJU Documents\抖音数据分析ppt\音乐数据库歌词\图小图 - 失忆.txt,positive,0.9973,0.0027,65,19,8
205,NJU Documents\抖音数据分析ppt\音乐数据库歌词\坂本昌一郎 Jun.A - 思い出をありがとう 谢谢你的回忆.txt,negative,0.0550,0.9449,1,4,0
206,NJU Documents\抖音数据分析ppt\音乐数据库歌词\夏婉安 - 渡我不渡她.txt,negative,0.0550,0.9449,1,4,0
207,NJU Documents\抖音数据分析ppt\音乐数据库歌词\多雷 - 泡沫 Swang Remix.txt,negative,0.0550,0.9449,1,4,0
208,NJU Documents\抖音数据分析ppt\音乐数据库歌词\大壮 - 为你我受冷风吹.txt,positive,0.9461,0.0539,113,42,16
209,NJU Documents\抖音数据分析ppt\音乐数据库歌词\大能人 - 山楂树の恋.txt,negative,0.0528,0.9472,74,22,4
210,NJU Documents\抖音数据分析ppt\音乐数据库歌词\大能人 - 想要问问你敢不敢ReMix.txt,positive,0.9578,0.0422,113,48,15
211,NJU Documents\抖音数据分析ppt\音乐数据库歌词\大能人 - 新鲜感.txt,positive,0.9932,0.0067,4,2,1
212,NJU Documents\抖音数据分析ppt\音乐数据库歌词\太一 - Lutra.txt,positive,1.0,0.0,79,20,10
213,NJU Documents\抖音数据分析ppt\音乐数据库歌词\太一 - 像暗杀似的绕到背后突然拥抱你.txt,positive,1.0,0.0,86,27,22
214,NJU Documents\抖音数据分析ppt\音乐数据库歌词\太一 - 笑.txt,positive,0.9141,0.0859,160,65,17
215,NJU Documents\抖音数据分析ppt\音乐数据库歌词\奇然 - 青丝.txt,positive,0.8876,0.1123,1,3,0
216,NJU Documents\抖音数据分析ppt\音乐数据库歌词\奥華子 おく はなこ - 10年.txt,negative,0.0550,0.9449,1,4,0
217,NJU Documents\抖音数据分析ppt\音乐数据库歌词\妖姬、肖Music - EA7全凭感觉 DJ版.txt,negative,0.0550,0.9449,1,4,0
218,NJU Documents\抖音数据分析ppt\音乐数据库歌词\姚智鑫 - Insomnia.txt,positive,0.8876,0.1123,1,3,0
219,NJU Documents\抖音数据分析ppt\音乐数据库歌词\孙燕姿 - 第一天.txt,negative,0.0149,0.9851,106,37,17
220,NJU Documents\抖音数据分析ppt\音乐数据库歌词\孙燕姿 - 绿光.txt,positive,0.97,0.03,82,19,23
221,NJU Documents\抖音数据分析ppt\音乐数据库歌词\孙燕姿 - 遇见.txt,positive,0.9836,0.0164,36,25,11
222,NJU Documents\抖音数据分析ppt\音乐数据库歌词\孙语赛、萧全 - 不仅仅是喜欢.txt,positive,0.9693,0.0307,50,21,9
223,NJU Documents\抖音数据分析ppt\音乐数据库歌词\孟颖 - 一个人挺好.txt,negative,0.0550,0.9449,1,4,0
224,NJU Documents\抖音数据分析ppt\音乐数据库歌词\季彦霖 - 选择失忆.txt,negative,0.0550,0.9449,1,4,0
225,NJU Documents\抖音数据分析ppt\音乐数据库歌词\孤独诗人 - 渡我不渡她.txt,negative,0.0550,0.9449,1,4,0
226,NJU Documents\抖音数据分析ppt\音乐数据库歌词\安筱冷 - 能轻易取代始终不重要.txt,negative,0.0550,0.9449,1,4,0
227,NJU Documents\抖音数据分析ppt\音乐数据库歌词\宋冬野 - 斑马，斑马.txt,negative,0.0550,0.9449,1,4,0
228,NJU Documents\抖音数据分析ppt\音乐数据库歌词\宋冬野 - 莉莉安.txt,negative,0.0550,0.9449,1,4,0
229,NJU Documents\抖音数据分析ppt\音乐数据库歌词\宋冬野 - 董小姐.txt,negative,0.0550,0.9449,1,4,0
230,NJU Documents\抖音数据分析ppt\音乐数据库歌词\宝石Gem - 野狼disco Live.txt,positive,0.6108,0.3892,99,23,15
231,NJU Documents\抖音数据分析ppt\音乐数据库歌词\封茗囧菌 - 爱的魔法.txt,positive,0.7608,0.2392,117,63,15
232,NJU Documents\抖音数据分析ppt\音乐数据库歌词\封茗囧菌、洛少爷 - 不得不爱.txt,positive,0.8876,0.1123,1,3,0
233,NJU Documents\抖音数据分析ppt\音乐数据库歌词\小咪 - 我走后.txt,negative,0.0550,0.9449,1,4,0
234,NJU Documents\抖音数据分析ppt\音乐数据库歌词\小峰峰陈峰、小潘潘（潘柚彤） - 学猫叫.txt,negative,0.3752,0.6248,107,29,16
235,NJU Documents\抖音数据分析ppt\音乐数据库歌词\小星星Aurora - 坠落星空.txt,negative,0.0550,0.9449,1,4,0
236,NJU Documents\抖音数据分析ppt\音乐数据库歌词\小星星Aurora - 红黑.txt,negative,0.0550,0.9449,1,4,0
237,NJU Documents\抖音数据分析ppt\音乐数据库歌词\小潘潘（潘柚彤） _ 小峰峰（陈峰） - 学猫叫.txt,positive,0.9653,0.0347,5,6,0
238,NJU Documents\抖音数据分析ppt\音乐数据库歌词\小潘潘（潘柚彤） _ 李俊佑 - 宠坏.txt,positive,0.9618,0.0382,72,28,15
239,NJU Documents\抖音数据分析ppt\音乐数据库歌词\小野eyoaix、一口甜 - 娃娃脸.txt,positive,0.9653,0.0347,5,6,0
240,NJU Documents\抖音数据分析ppt\音乐数据库歌词\小阿枫 - 女儿情 正式版.txt,positive,0.9598,0.0402,49,63,8
241,NJU Documents\抖音数据分析ppt\音乐数据库歌词\小阿枫 - 我要找到你.txt,positive,0.7665,0.2335,2,4,0
242,NJU Documents\抖音数据分析ppt\音乐数据库歌词\小阿枫 - 爱江山更爱美人.txt,positive,0.9899,0.0101,61,26,8
243,NJU Documents\抖音数据分析ppt\音乐数据库歌词\展展与罗罗 - 沙漠骆驼.txt,negative,0.4774,0.5226,38,28,11
244,NJU Documents\抖音数据分析ppt\音乐数据库歌词\川田瑠夏 かわだ るか - 懐かしい安らぎ 怀念的安逸.txt,negative,0.0550,0.9449,1,4,0
245,NJU Documents\抖音数据分析ppt\音乐数据库歌词\希林娜依·高 - Someone You Loved Live.txt,negative,0.0550,0.9449,1,4,0
246,NJU Documents\抖音数据分析ppt\音乐数据库歌词\希林娜依·高 - 喜欢你 Live.txt,negative,0.0550,0.9449,1,4,0
247,NJU Documents\抖音数据分析ppt\音乐数据库歌词\庄心妍 - 不安.txt,negative,0.0550,0.9449,1,4,0
248,NJU Documents\抖音数据分析ppt\音乐数据库歌词\庄心妍 - 再见只是陌生人.txt,negative,0.1975,0.8025,3,5,0
249,NJU Documents\抖音数据分析ppt\音乐数据库歌词\庞宁 - 笨拙的想把所有温柔都给你.txt,negative,0.0550,0.9449,1,4,0
250,NJU Documents\抖音数据分析ppt\音乐数据库歌词\庾澄庆 - 情非得已.txt,positive,0.8706,0.1294,2,7,0
251,NJU Documents\抖音数据分析ppt\音乐数据库歌词\异乡人刘行宽、9M88 - SWAG午觉.txt,negative,0.0215,0.9784,4,2,0
252,NJU Documents\抖音数据分析ppt\音乐数据库歌词\张宇 - 给你们.txt,positive,0.9502,0.0497,118,70,29
253,NJU Documents\抖音数据分析ppt\音乐数据库歌词\张惠妹 - Bad Boy.txt,negative,0.3583,0.6417,1,3,0
254,NJU Documents\抖音数据分析ppt\音乐数据库歌词\张惠妹 - 一想到你呀.txt,negative,4.4408,0.9999,88,7,14
255,NJU Documents\抖音数据分析ppt\音乐数据库歌词\张惠妹 - 好胆你就来.txt,negative,0.1471,0.8529,5,2,0
256,NJU Documents\抖音数据分析ppt\音乐数据库歌词\张惠妹 - 爱 什么稀罕.txt,negative,0.0203,0.9797,55,36,13
257,NJU Documents\抖音数据分析ppt\音乐数据库歌词\张惠妹 - 薇多莉亚的秘密.txt,negative,0.0163,0.9837,86,11,2
258,NJU Documents\抖音数据分析ppt\音乐数据库歌词\张惠妹 - 薇多莉亚的秘密~1.txt,positive,0.9629,0.0371,53,39,18
259,NJU Documents\抖音数据分析ppt\音乐数据库歌词\张泽熙 - 那个女孩.txt,negative,0.0550,0.9449,1,4,0
260,NJU Documents\抖音数据分析ppt\音乐数据库歌词\张碧晨 - 不要忘记我爱你.txt,negative,0.1888,0.8112,7,6,0
261,NJU Documents\抖音数据分析ppt\音乐数据库歌词\张碧晨 - 当爱来敲门.txt,positive,0.9883,0.0117,37,12,6
262,NJU Documents\抖音数据分析ppt\音乐数据库歌词\张紫豪 - 可不可以.txt,negative,0.0550,0.9449,1,4,0
263,NJU Documents\抖音数据分析ppt\音乐数据库歌词\张肯肯 - 别怕我伤心.txt,positive,0.9778,0.0222,51,21,0
264,NJU Documents\抖音数据分析ppt\音乐数据库歌词\张茜 - 有没有那么一首歌.txt,positive,0.9674,0.0326,58,23,12
265,NJU Documents\抖音数据分析ppt\音乐数据库歌词\张靓颖 - 只是没有如果.txt,negative,0.0550,0.9449,1,4,0
266,NJU Documents\抖音数据分析ppt\音乐数据库歌词\张靓颖 - 终于等到你.txt,negative,0.3899,0.6101,4,4,0
267,NJU Documents\抖音数据分析ppt\音乐数据库歌词\张靓颖 _ 李荣浩 - 女儿国.txt,negative,0.0550,0.9449,1,4,0
268,NJU Documents\抖音数据分析ppt\音乐数据库歌词\张馨文 _ 冯琬贺 _ 周雨霖 _ 田京凡 _ 康汐 _ 吴妙茵 - 甜蜜蜜 纯享版.txt,positive,0.8741,0.1259,84,20,16
269,NJU Documents\抖音数据分析ppt\音乐数据库歌词\彭十六 - 戏影.txt,negative,0.0550,0.9449,1,4,0
270,NJU Documents\抖音数据分析ppt\音乐数据库歌词\彭羚 - 囚鸟.txt,positive,0.9078,0.0922,69,56,7
271,NJU Documents\抖音数据分析ppt\音乐数据库歌词\徐佳莹 - 身骑白马.txt,negative,0.0550,0.9449,1,4,0
272,NJU Documents\抖音数据分析ppt\音乐数据库歌词\徐秉龙、桃十五 - 青柠.txt,negative,0.0550,0.9449,1,4,0
273,NJU Documents\抖音数据分析ppt\音乐数据库歌词\徐良 _ 小凌 - 坏女孩.txt,negative,0.0550,0.9449,1,4,0
274,NJU Documents\抖音数据分析ppt\音乐数据库歌词\徐良 _ 小凌 - 客官不可以.txt,positive,0.9374,0.0626,6,7,0
275,NJU Documents\抖音数据分析ppt\音乐数据库歌词\志方晶子 志方あきこ - EXEC CHRONICLE KEY.txt,negative,0.0550,0.9449,1,4,0
276,NJU Documents\抖音数据分析ppt\音乐数据库歌词\戚薇、俊昊 - 你是对的人.txt,negative,0.0550,0.9449,1,4,0
277,NJU Documents\抖音数据分析ppt\音乐数据库歌词\房东的猫 - 云烟成雨.txt,negative,0.0550,0.9449,1,4,0
278,NJU Documents\抖音数据分析ppt\音乐数据库歌词\折戸伸治 おりと しんじ - 羽根 羽翼.txt,negative,0.0550,0.9449,1,4,0
279,NJU Documents\抖音数据分析ppt\音乐数据库歌词\掌嘴、张雪飞、Lil-7 - 只想对你说.txt,negative,0.2693,0.7307,70,43,21
280,NJU Documents\抖音数据分析ppt\音乐数据库歌词\新乐尘符 - 123我爱你.txt,positive,0.976,0.024,113,38,13
281,NJU Documents\抖音数据分析ppt\音乐数据库歌词\新乐尘符 - 每一句都很甜.txt,negative,0.0550,0.9449,1,4,0
282,NJU Documents\抖音数据分析ppt\音乐数据库歌词\新南 - 泡沫 Swang Remix.txt,negative,0.0550,0.9449,1,4,0
283,NJU Documents\抖音数据分析ppt\音乐数据库歌词\方大同 - 春风吹.txt,positive,0.8248,0.1752,4,1,2
284,NJU Documents\抖音数据分析ppt\音乐数据库歌词\日本群星 オムニバス - Bittersweet.txt,negative,0.0550,0.9449,1,4,0
285,NJU Documents\抖音数据分析ppt\音乐数据库歌词\日本群星 オムニバス - My Memory 我的回忆.txt,negative,0.0550,0.9449,1,4,0
286,NJU Documents\抖音数据分析ppt\音乐数据库歌词\日本群星 オムニバス - さくらんぼの実る頃.txt,negative,0.0550,0.9449,1,4,0
287,NJU Documents\抖音数据分析ppt\音乐数据库歌词\日本群星 オムニバス - となりのトトロ 邻家的龙猫.txt,negative,0.0550,0.9449,1,4,0
288,NJU Documents\抖音数据分析ppt\音乐数据库歌词\日本群星 オムニバス - テルーの唄 瑟鲁之歌.txt,negative,0.0550,0.9449,1,4,0
289,NJU Documents\抖音数据分析ppt\音乐数据库歌词\日本群星 オムニバス - ポッケ村のテーマ 口袋村主题音乐.txt,negative,0.0550,0.9449,1,4,0
290,NJU Documents\抖音数据分析ppt\音乐数据库歌词\日本群星 オムニバス - 可愛いアイルー.txt,negative,0.0550,0.9449,1,4,0
291,NJU Documents\抖音数据分析ppt\音乐数据库歌词\日本群星 オムニバス - 君をのせて 伴随着你.txt,negative,0.0550,0.9449,1,4,0
292,NJU Documents\抖音数据分析ppt\音乐数据库歌词\日本群星 オムニバス - 夏の香り 夏日香气.txt,negative,0.0550,0.9449,1,4,0
293,NJU Documents\抖音数据分析ppt\音乐数据库歌词\日本群星 オムニバス - 始まりの唄.txt,negative,0.0550,0.9449,1,4,0
294,NJU Documents\抖音数据分析ppt\音乐数据库歌词\日本群星 オムニバス - 恵み深い人々の村 久沐恩泽的科科特村.txt,negative,0.0550,0.9449,1,4,0
295,NJU Documents\抖音数据分析ppt\音乐数据库歌词\日本群星 オムニバス - 愛は花、君はその種子 爱是花，你是那种子.txt,negative,0.0550,0.9449,1,4,0
296,NJU Documents\抖音数据分析ppt\音乐数据库歌词\日本群星 オムニバス - 愛は花、君はその種子 爱是花，你是那种子1.txt,negative,0.0550,0.9449,1,4,0
297,NJU Documents\抖音数据分析ppt\音乐数据库歌词\日本群星 オムニバス - 星が瞬くこんな夜に ～オルゴールVer.～.txt,negative,0.0550,0.9449,1,4,0
298,NJU Documents\抖音数据分析ppt\音乐数据库歌词\日本群星 オムニバス - 最初から今まで 从开始到现在.txt,negative,0.0550,0.9449,1,4,0
299,NJU Documents\抖音数据分析ppt\音乐数据库歌词\日本群星 オムニバス - 海の見える街 临海小镇.txt,negative,0.0550,0.9449,1,4,0
300,NJU Documents\抖音数据分析ppt\音乐数据库歌词\日本群星 オムニバス - 花びらの刻 花瓣飞舞之时 オルゴールver..txt,negative,0.0550,0.9449,1,4,0
301,NJU Documents\抖音数据分析ppt\音乐数据库歌词\日本群星 オムニバス - 青空ボタン 青空纽扣 オルゴールver..txt,negative,0.0550,0.9449,1,4,0
302,NJU Documents\抖音数据分析ppt\音乐数据库歌词\明洋 - 五月雨变奏电音 Remix.txt,negative,0.0550,0.9449,1,4,0
303,NJU Documents\抖音数据分析ppt\音乐数据库歌词\春磊 - 烟花易冷 片段.txt,negative,0.0550,0.9449,1,4,0
304,NJU Documents\抖音数据分析ppt\音乐数据库歌词\是耀温顺 - 2020硬曲.txt,negative,0.0550,0.9449,1,4,0
305,NJU Documents\抖音数据分析ppt\音乐数据库歌词\是耀温顺 - Okok DJ版片段.txt,negative,0.0550,0.9449,1,4,0
306,NJU Documents\抖音数据分析ppt\音乐数据库歌词\是耀温顺 - 淡若清风.txt,negative,0.0550,0.9449,1,4,0
307,NJU Documents\抖音数据分析ppt\音乐数据库歌词\曲肖冰 - 天亮以前说再见.txt,negative,0.0550,0.9449,1,4,0
308,NJU Documents\抖音数据分析ppt\音乐数据库歌词\曾轶可 - 三的颜色.txt,negative,0.0550,0.9449,1,4,0
309,NJU Documents\抖音数据分析ppt\音乐数据库歌词\曾轶可 - 私奔.txt,negative,0.0550,0.9449,1,4,0
310,NJU Documents\抖音数据分析ppt\音乐数据库歌词\朱主爱 - 莫名其妙爱上你.txt,negative,0.2391,0.7609,81,29,5
311,NJU Documents\抖音数据分析ppt\音乐数据库歌词\朴树 - 白桦林.txt,positive,0.9958,0.0042,72,16,18
312,NJU Documents\抖音数据分析ppt\音乐数据库歌词\李代沫 - 这就是爱情.txt,positive,0.966,0.034,37,35,10
313,NJU Documents\抖音数据分析ppt\音乐数据库歌词\李佳思 - The Star.txt,positive,0.9938,0.0062,89,33,16
314,NJU Documents\抖音数据分析ppt\音乐数据库歌词\李佳思 - 小爱.txt,positive,1.0,0.0,33,33,10
315,NJU Documents\抖音数据分析ppt\音乐数据库歌词\李俊佑、小潘潘（潘柚彤） - 宠坏.txt,positive,0.9574,0.0426,43,21,3
316,NJU Documents\抖音数据分析ppt\音乐数据库歌词\李俊杰、婷汐 - 别让我放不下.txt,negative,0.0550,0.9449,1,4,0
317,NJU Documents\抖音数据分析ppt\音乐数据库歌词\李健 - 贝加尔湖畔.txt,negative,0.085,0.915,95,19,23
318,NJU Documents\抖音数据分析ppt\音乐数据库歌词\李健 _ 孙俪 - 风吹麦浪 Live.txt,positive,0.9841,0.0159,20,20,8
319,NJU Documents\抖音数据分析ppt\音乐数据库歌词\李学仕 - 直觉.txt,positive,0.9617,0.0383,43,34,2
320,NJU Documents\抖音数据分析ppt\音乐数据库歌词\李宇春 - 下个，路口，见.txt,negative,0.3014,0.6986,84,47,10
321,NJU Documents\抖音数据分析ppt\音乐数据库歌词\李宏毅、李明霖 - 恶魔的爱.txt,positive,0.9759,0.0241,40,31,1
322,NJU Documents\抖音数据分析ppt\音乐数据库歌词\李少白 - 山楂树之恋.txt,positive,0.869,0.131,124,35,15
323,NJU Documents\抖音数据分析ppt\音乐数据库歌词\李常超Lao乾媽 - 盗墓笔记·十年人间.txt,negative,0.0550,0.9449,1,4,0
324,NJU Documents\抖音数据分析ppt\音乐数据库歌词\李昇基 - 정신이 나갔었나봐 我想我是疯了.txt,positive,0.963,0.037,115,52,17
325,NJU Documents\抖音数据分析ppt\音乐数据库歌词\李明霖、李宏毅 - Love U.txt,negative,0.5,0.5,0,0,0
326,NJU Documents\抖音数据分析ppt\音乐数据库歌词\李昕融 _ 樊桐舟 _ 李凯稠 - 你笑起来真好看.txt,positive,1.0,0.0,46,29,14
327,NJU Documents\抖音数据分析ppt\音乐数据库歌词\李朝 _ 王圣锋 - 情话微甜.txt,positive,0.9963,0.0037,50,34,9
328,NJU Documents\抖音数据分析ppt\音乐数据库歌词\李朝、王圣锋 - 情话微甜.txt,positive,0.5608,0.4392,62,25,20
329,NJU Documents\抖音数据分析ppt\音乐数据库歌词\李治廷 - 不可思议.txt,positive,0.5608,0.4392,62,25,20
330,NJU Documents\抖音数据分析ppt\音乐数据库歌词\李浩天 - 哒哒KT.txt,negative,0.0550,0.9449,1,4,0
331,NJU Documents\抖音数据分析ppt\音乐数据库歌词\李浩然 - 一千零一次我爱你.txt,negative,0.1837,0.8163,83,6,4
332,NJU Documents\抖音数据分析ppt\音乐数据库歌词\李玖哲 - 夏天.txt,positive,0.9974,0.0026,68,19,5
333,NJU Documents\抖音数据分析ppt\音乐数据库歌词\李翊君 - 七情六欲.txt,positive,0.997,0.003,91,54,8
334,NJU Documents\抖音数据分析ppt\音乐数据库歌词\李翊君 - 雨蝶.txt,negative,0.0453,0.9547,57,9,4
335,NJU Documents\抖音数据分析ppt\音乐数据库歌词\李荣浩 - 年少有为.txt,negative,0.0550,0.9449,1,4,0
336,NJU Documents\抖音数据分析ppt\音乐数据库歌词\李荣浩 - 耳朵.txt,negative,0.0550,0.9449,1,4,0
337,NJU Documents\抖音数据分析ppt\音乐数据库歌词\李荣浩 _ 余枫 - 如果这都不算爱 Live.txt,negative,0.0550,0.9449,1,4,0
338,NJU Documents\抖音数据分析ppt\音乐数据库歌词\杨千嬅 - 处处吻.txt,positive,0.9083,0.0917,71,21,12
339,NJU Documents\抖音数据分析ppt\音乐数据库歌词\杨千嬅 - 少女的祈祷.txt,positive,0.9798,0.0202,91,44,14
340,NJU Documents\抖音数据分析ppt\音乐数据库歌词\杨千嬅 - 野孩子.txt,positive,0.778,0.222,66,27,7
341,NJU Documents\抖音数据分析ppt\音乐数据库歌词\杨坤 _ 郭采洁 - 答案.txt,negative,0.1413,0.8587,80,32,11
342,NJU Documents\抖音数据分析ppt\音乐数据库歌词\杨坤、郭采洁 - 答案.txt,positive,0.6801,0.3199,52,36,21
343,NJU Documents\抖音数据分析ppt\音乐数据库歌词\杨宗纬 - 凉凉.txt,negative,0.0550,0.9449,1,4,0
344,NJU Documents\抖音数据分析ppt\音乐数据库歌词\杨小壮 - 她是个二十几岁的姑娘.txt,positive,0.6801,0.3199,52,36,21
345,NJU Documents\抖音数据分析ppt\音乐数据库歌词\杨小壮 _ 鹏鹏 - 口是心非.txt,positive,0.9894,0.0106,48,42,21
346,NJU Documents\抖音数据分析ppt\音乐数据库歌词\杨胖雨 - 这就是爱吗.txt,negative,0.0550,0.9449,1,4,0
347,NJU Documents\抖音数据分析ppt\音乐数据库歌词\林俊杰 - 不潮不用花钱.txt,negative,0.4414,0.5586,96,46,11
348,NJU Documents\抖音数据分析ppt\音乐数据库歌词\林俊杰 - 修炼爱情.txt,negative,0.0550,0.9449,1,4,0
349,NJU Documents\抖音数据分析ppt\音乐数据库歌词\林俊杰 - 小酒窝.txt,negative,0.0816,0.9184,41,24,9
350,NJU Documents\抖音数据分析ppt\音乐数据库歌词\林俊杰 - 江南.txt,positive,0.9882,0.0118,72,24,34
351,NJU Documents\抖音数据分析ppt\音乐数据库歌词\林俊杰 - 那些你很冒险的梦.txt,negative,0.0550,0.9449,1,4,0
352,NJU Documents\抖音数据分析ppt\音乐数据库歌词\林宥嘉 - 说谎.txt,negative,0.0550,0.9449,1,4,0
353,NJU Documents\抖音数据分析ppt\音乐数据库歌词\枯木逢春 - 这一生关于你的风景.txt,negative,0.0550,0.9449,1,4,0
354,NJU Documents\抖音数据分析ppt\音乐数据库歌词\梁博 - 出现又离开.txt,negative,0.0550,0.9449,1,4,0
355,NJU Documents\抖音数据分析ppt\音乐数据库歌词\梁博 - 男孩 Live.txt,negative,0.0550,0.9449,1,4,0
356,NJU Documents\抖音数据分析ppt\音乐数据库歌词\梁静茹 - 暖暖.txt,positive,0.9245,0.0755,65,21,11
357,NJU Documents\抖音数据分析ppt\音乐数据库歌词\梁静茹 - 没有如果.txt,positive,0.9954,0.0046,65,18,27
358,NJU Documents\抖音数据分析ppt\音乐数据库歌词\梁静茹 _ 严爵 - 没有如果.txt,negative,0.2316,0.7684,157,25,18
359,NJU Documents\抖音数据分析ppt\音乐数据库歌词\棉子 - 别再对我好.txt,negative,0.0550,0.9449,1,4,0
360,NJU Documents\抖音数据分析ppt\音乐数据库歌词\棉子 - 勇气.txt,negative,0.0550,0.9449,1,4,0
361,NJU Documents\抖音数据分析ppt\音乐数据库歌词\榊原由依 さかきばら ゆい - 魔法の宝石箱 Music Box version.txt,negative,0.0550,0.9449,1,4,0
362,NJU Documents\抖音数据分析ppt\音乐数据库歌词\欧邦聪、画风风、小可 - you bootleg混音版.txt,negative,0.0550,0.9449,1,4,0
363,NJU Documents\抖音数据分析ppt\音乐数据库歌词\毛不易 - 借 Live.txt,negative,0.2316,0.7684,157,25,18
364,NJU Documents\抖音数据分析ppt\音乐数据库歌词\毛不易 - 消愁.txt,negative,0.0550,0.9449,1,4,0
365,NJU Documents\抖音数据分析ppt\音乐数据库歌词\毛小国 - 微笑吧 抖音女生版.txt,positive,0.8638,0.1362,51,35,13
366,NJU Documents\抖音数据分析ppt\音乐数据库歌词\永彬Ryan.B - 像极了.txt,negative,0.0550,0.9449,1,4,0
367,NJU Documents\抖音数据分析ppt\音乐数据库歌词\永彬Ryan.B - 放个大招给你看.txt,positive,0.8983,0.1017,31,16,6
368,NJU Documents\抖音数据分析ppt\音乐数据库歌词\汪苏泷 - 万有引力.txt,negative,0.0559,0.9441,74,42,14
369,NJU Documents\抖音数据分析ppt\音乐数据库歌词\汪苏泷 - 不分手的恋爱.txt,negative,0.0550,0.9449,1,4,0
370,NJU Documents\抖音数据分析ppt\音乐数据库歌词\汪苏泷 _ 徐良 - 后会无期.txt,positive,0.975,0.025,72,70,22
371,NJU Documents\抖音数据分析ppt\音乐数据库歌词\汪苏泷、By2 - 有点甜.txt,positive,0.7351,0.2649,62,26,8
372,NJU Documents\抖音数据分析ppt\音乐数据库歌词\汪苏泷、Hari - 吵架歌.txt,positive,0.9913,0.0087,92,49,11
373,NJU Documents\抖音数据分析ppt\音乐数据库歌词\沈虫虫、丫蛋蛋马启涵 - 2018小恋曲.txt,negative,0.1544,0.8456,85,33,22
374,NJU Documents\抖音数据分析ppt\音乐数据库歌词\沈虫虫、吕口口 - 2018抖音神曲串烧.txt,positive,0.9999,6.9607,19,10,11
375,NJU Documents\抖音数据分析ppt\音乐数据库歌词\沈虫虫、钟逸伦Dylan - 十六首歌的时间.txt,positive,1.0,0.0,71,34,14
376,NJU Documents\抖音数据分析ppt\音乐数据库歌词\沐泽 - 一吻天荒 男生版片段.txt,negative,0.0550,0.9449,1,4,0
377,NJU Documents\抖音数据分析ppt\音乐数据库歌词\泪鑫 - 没茅台 咚鼓版.txt,positive,0.9774,0.0226,107,60,19
378,NJU Documents\抖音数据分析ppt\音乐数据库歌词\泽亦龙 - 孤幻 Perfect Mix.txt,negative,0.0550,0.9449,1,4,0
379,NJU Documents\抖音数据分析ppt\音乐数据库歌词\浙音4811一个大金意 - 拜拜.txt,positive,0.9897,0.0103,0,6,0
380,NJU Documents\抖音数据分析ppt\音乐数据库歌词\浪子兮 - 幻昼 DJ版.txt,positive,0.7573,0.2426,4,4,0
381,NJU Documents\抖音数据分析ppt\音乐数据库歌词\海伦 - 桥边姑娘.txt,negative,0.0658,0.9342,111,36,4
382,NJU Documents\抖音数据分析ppt\音乐数据库歌词\海龟先生 - 男孩别哭.txt,positive,0.7573,0.2426,4,4,0
383,NJU Documents\抖音数据分析ppt\音乐数据库歌词\深七 - 9277.txt,positive,0.9761,0.0239,33,34,7
384,NJU Documents\抖音数据分析ppt\音乐数据库歌词\渔圈、欧阳朵 - 失去才懂.txt,positive,0.7573,0.2426,4,4,0
385,NJU Documents\抖音数据分析ppt\音乐数据库歌词\潘玮柏 _ 张韶涵 - 快乐崇拜.txt,positive,1.0,0.0,161,124,47
386,NJU Documents\抖音数据分析ppt\音乐数据库歌词\潘玮柏 _ 张韶涵 - 快乐崇拜1.txt,positive,1.0,0.0,88,38,10
387,NJU Documents\抖音数据分析ppt\音乐数据库歌词\潘玮柏 _ 弦子 - 不得不爱.txt,positive,0.7616,0.2384,146,44,45
388,NJU Documents\抖音数据分析ppt\音乐数据库歌词\灿烈 - Stay With Me.txt,positive,0.7573,0.2426,4,4,0
389,NJU Documents\抖音数据分析ppt\音乐数据库歌词\爱吃巧乐兹 - 圈住你.txt,positive,0.9223,0.0777,131,19,24
390,NJU Documents\抖音数据分析ppt\音乐数据库歌词\爱吃巧乐兹 - 我还想她 Live片段.txt,negative,0.0550,0.9449,1,4,0
391,NJU Documents\抖音数据分析ppt\音乐数据库歌词\王力宏 - 改变自己.txt,positive,0.8693,0.1307,86,34,28
392,NJU Documents\抖音数据分析ppt\音乐数据库歌词\王力宏 - 春雨里洗过的太阳.txt,positive,0.9629,0.0371,72,27,16
393,NJU Documents\抖音数据分析ppt\音乐数据库歌词\王力宏 - 爱的就是你 浪漫版.txt,positive,0.9874,0.0126,84,43,14
394,NJU Documents\抖音数据分析ppt\音乐数据库歌词\王天戈 - 心安理得.txt,positive,0.7573,0.2426,4,4,0
395,NJU Documents\抖音数据分析ppt\音乐数据库歌词\王天放、DP龙猪 - 摇响你的Jingle Bells Feat. Dragon Pig.txt,negative,0.0288,0.9712,103,18,15
396,NJU Documents\抖音数据分析ppt\音乐数据库歌词\王小帅 - 不是因为寂寞才想你.txt,positive,0.7573,0.2426,4,4,0
397,NJU Documents\抖音数据分析ppt\音乐数据库歌词\王心凌 - 当你.txt,negative,0.0205,0.9795,78,20,6
398,NJU Documents\抖音数据分析ppt\音乐数据库歌词\王心凌 - 睫毛弯弯.txt,positive,0.5806,0.4194,93,9,10
399,NJU Documents\抖音数据分析ppt\音乐数据库歌词\王恰恰 - 晚风.txt,positive,0.994,0.006,90,60,30
400,NJU Documents\抖音数据分析ppt\音乐数据库歌词\王梓钰 - 青春不打烊.txt,negative,0.0550,0.9449,1,4,0
401,NJU Documents\抖音数据分析ppt\音乐数据库歌词\王梓钰、陈文辉 - 如果的事.txt,negative,0.0550,0.9449,1,4,0
402,NJU Documents\抖音数据分析ppt\音乐数据库歌词\王泽科 - 不顾.txt,negative,0.0550,0.9449,1,4,0
403,NJU Documents\抖音数据分析ppt\音乐数据库歌词\王浪、范晓阳 - 心愿便利贴.txt,negative,0.1033,0.8967,60,16,6
404,NJU Documents\抖音数据分析ppt\音乐数据库歌词\王若琳 - 有你的快乐.txt,positive,0.9986,0.0014,54,30,14
405,NJU Documents\抖音数据分析ppt\音乐数据库歌词\王茗 - 大眠 男声版.txt,negative,0.0550,0.9449,1,4,0
406,NJU Documents\抖音数据分析ppt\音乐数据库歌词\王菲 - 匆匆那年.txt,positive,0.7573,0.2426,4,4,0
407,NJU Documents\抖音数据分析ppt\音乐数据库歌词\王贰浪 - 像鱼.txt,positive,0.7573,0.2426,4,4,0
408,NJU Documents\抖音数据分析ppt\音乐数据库歌词\王贰浪 - 虚拟 DJ8先生版.txt,positive,0.7573,0.2426,4,4,0
409,NJU Documents\抖音数据分析ppt\音乐数据库歌词\王靖雯不胖 - 爱，存在.txt,positive,0.7573,0.2426,4,4,0
410,NJU Documents\抖音数据分析ppt\音乐数据库歌词\田中理恵 たなか りえ - 鈴代黎音キャラクターBGM.txt,negative,0.0550,0.9449,1,4,0
411,NJU Documents\抖音数据分析ppt\音乐数据库歌词\甲田雅人 Masato Koda - 英雄の証 英雄之证.txt,negative,0.0550,0.9449,1,4,0
412,NJU Documents\抖音数据分析ppt\音乐数据库歌词\白小白 - 最美情侣.txt,negative,0.4143,0.5857,63,20,13
413,NJU Documents\抖音数据分析ppt\音乐数据库歌词\白小白、球球 - 宠爱吖.txt,positive,0.9658,0.0342,83,32,12
414,NJU Documents\抖音数据分析ppt\音乐数据库歌词\白浩 - 迷人的危险 DJ版.txt,positive,0.7573,0.2426,4,4,0
415,NJU Documents\抖音数据分析ppt\音乐数据库歌词\皮卡丘多多 - 想想念念.txt,negative,0.0550,0.9449,1,4,0
416,NJU Documents\抖音数据分析ppt\音乐数据库歌词\皮卡丘多多 - 我和你.txt,negative,0.0550,0.9449,1,4,0
417,NJU Documents\抖音数据分析ppt\音乐数据库歌词\皮卡丘多多 - 我的果汁分你一半.txt,negative,0.0550,0.9449,1,4,0
418,NJU Documents\抖音数据分析ppt\音乐数据库歌词\相声瓦舍 - 幻音宝盒.txt,negative,0.0550,0.9449,1,4,0
419,NJU Documents\抖音数据分析ppt\音乐数据库歌词\程jiajia - 山楂树の恋.txt,positive,0.6585,0.3415,81,41,9
420,NJU Documents\抖音数据分析ppt\音乐数据库歌词\程jiajia - 我爱你 Live片段.txt,positive,0.9616,0.0384,113,47,15
421,NJU Documents\抖音数据分析ppt\音乐数据库歌词\程jiajia - 我爱你.txt,negative,0.0550,0.9449,1,4,0
422,NJU Documents\抖音数据分析ppt\音乐数据库歌词\程响 - 世界这么大还是遇见你.txt,negative,0.0550,0.9449,1,4,0
423,NJU Documents\抖音数据分析ppt\音乐数据库歌词\等什么君 - 关山酒.txt,positive,0.7573,0.2426,4,4,0
424,NJU Documents\抖音数据分析ppt\音乐数据库歌词\等什么君 - 归寻.txt,positive,0.7573,0.2426,4,4,0
425,NJU Documents\抖音数据分析ppt\音乐数据库歌词\等什么君 - 慕夏.txt,negative,0.0550,0.9449,1,4,0
426,NJU Documents\抖音数据分析ppt\音乐数据库歌词\简弘亦 - 你一定要幸福.txt,positive,0.7573,0.2426,4,4,0
427,NJU Documents\抖音数据分析ppt\音乐数据库歌词\米津玄師 よねづ けんし - Lemon.txt,positive,0.7573,0.2426,4,4,0
428,NJU Documents\抖音数据分析ppt\音乐数据库歌词\米津玄師 よねづ けんし - LOSER.txt,positive,0.8187,0.1812,1,4,0
429,NJU Documents\抖音数据分析ppt\音乐数据库歌词\精彩丁先森、苏亦枫 - 春娇与志明 咚鼓版.txt,positive,0.8187,0.1812,1,4,0
430,NJU Documents\抖音数据分析ppt\音乐数据库歌词\精彩最初 - 我不配拥有爱.txt,positive,0.8187,0.1812,1,4,0
431,NJU Documents\抖音数据分析ppt\音乐数据库歌词\网络歌手 - 那个石家庄人 carmen卡门.txt,positive,0.8187,0.1812,1,4,0
432,NJU Documents\抖音数据分析ppt\音乐数据库歌词\罗百吉 _ 宝贝 - I Miss You.txt,positive,0.917,0.083,96,34,5
433,NJU Documents\抖音数据分析ppt\音乐数据库歌词\群星 - 无尽的爱.txt,negative,0.0550,0.9449,1,4,0
434,NJU Documents\抖音数据分析ppt\音乐数据库歌词\羽生まゐご _ v flower _ 初音未来 初音ミク - ハレハレヤ 朗朗晴天.txt,positive,0.8187,0.1812,1,4,0
435,NJU Documents\抖音数据分析ppt\音乐数据库歌词\翁梓铭、蓝心羽 - 舒伯特玫瑰.txt,negative,0.0550,0.9449,1,4,0
436,NJU Documents\抖音数据分析ppt\音乐数据库歌词\耀仔 - Take Me Hand 新版.txt,positive,0.8187,0.1812,1,4,0
437,NJU Documents\抖音数据分析ppt\音乐数据库歌词\耀仔 - 嗨 baby.txt,positive,0.8187,0.1812,1,4,0
438,NJU Documents\抖音数据分析ppt\音乐数据库歌词\耀仔 - 我知道你 拍手版.txt,positive,0.8187,0.1812,1,4,0
439,NJU Documents\抖音数据分析ppt\音乐数据库歌词\耀仔 - 春娇与志明.txt,positive,0.8187,0.1812,1,4,0
440,NJU Documents\抖音数据分析ppt\音乐数据库歌词\老狼 _ 任素汐 - 我要你.txt,positive,1.0,0.0,65,12,2
441,NJU Documents\抖音数据分析ppt\音乐数据库歌词\者思范、汪金金先生鸭 - 生活值得期待 完整版 Remix.txt,positive,0.8187,0.1812,1,4,0
442,NJU Documents\抖音数据分析ppt\音乐数据库歌词\胖虎 - 拜拜.txt,negative,0.2276,0.7724,36,33,5
443,NJU Documents\抖音数据分析ppt\音乐数据库歌词\胡66 - 后来遇见他.txt,negative,0.0550,0.9449,1,4,0
444,NJU Documents\抖音数据分析ppt\音乐数据库歌词\胡66 - 浪人琵琶.txt,negative,0.0471,0.9529,106,31,6
445,NJU Documents\抖音数据分析ppt\音乐数据库歌词\胡66 - 空空如也.txt,positive,0.9769,0.0231,103,63,20
446,NJU Documents\抖音数据分析ppt\音乐数据库歌词\胡夏 - 知否知否.txt,positive,0.8187,0.1812,1,4,0
447,NJU Documents\抖音数据分析ppt\音乐数据库歌词\胡小斐 _ 董嘉鸿 - 一不小心爱上你.txt,positive,0.8187,0.1812,1,4,0
448,NJU Documents\抖音数据分析ppt\音乐数据库歌词\胡彦斌 - 你要的全拿走.txt,negative,0.5,0.5,0,0,0
449,NJU Documents\抖音数据分析ppt\音乐数据库歌词\胡歌 - 一吻天荒.txt,negative,0.5,0.5,0,0,0
450,NJU Documents\抖音数据分析ppt\音乐数据库歌词\脸红的思春期BOL4 - 썸 탈꺼야 玩暧昧.txt,negative,0.0550,0.9449,1,4,0
451,NJU Documents\抖音数据分析ppt\音乐数据库歌词\脸红的思春期BOL4 - 우주를 줄게 给你宇宙.txt,negative,0.0550,0.9449,1,4,0
452,NJU Documents\抖音数据分析ppt\音乐数据库歌词\艾热、JelloRio李佳隆 - 星球坠落 Live.txt,positive,0.8647,0.1353,82,34,10
453,NJU Documents\抖音数据分析ppt\音乐数据库歌词\花姐 - 狂浪.txt,positive,0.805,0.195,100,38,14
454,NJU Documents\抖音数据分析ppt\音乐数据库歌词\花澤香菜 - 恋愛サーキュレーション 恋爱循环.txt,positive,0.9592,0.0408,66,80,44
455,NJU Documents\抖音数据分析ppt\音乐数据库歌词\苏大大 - 小崽子.txt,negative,0.0512,0.9488,21,9,3
456,NJU Documents\抖音数据分析ppt\音乐数据库歌词\苏天伦 - 你拿什么来感同身受 咚鼓版.txt,negative,0.5,0.5,0,0,0
457,NJU Documents\抖音数据分析ppt\音乐数据库歌词\苏天伦 - 天空是蔚蓝色.txt,negative,0.0550,0.9449,1,4,0
458,NJU Documents\抖音数据分析ppt\音乐数据库歌词\苏晗 - 离岸.txt,negative,0.5,0.5,0,0,0
459,NJU Documents\抖音数据分析ppt\音乐数据库歌词\苏白睡醒啦 - 樱花草.txt,negative,0.0550,0.9449,1,4,0
460,NJU Documents\抖音数据分析ppt\音乐数据库歌词\苏芮 _ 张惠妹 - 跟着感觉走.txt,positive,0.9594,0.0406,59,35,13
461,NJU Documents\抖音数据分析ppt\音乐数据库歌词\茂茂 - 遥远的你 原唱.txt,positive,0.9948,0.0052,68,49,14
462,NJU Documents\抖音数据分析ppt\音乐数据库歌词\茄子蛋 - 日常.txt,negative,0.5,0.5,0,0,0
463,NJU Documents\抖音数据分析ppt\音乐数据库歌词\茄子蛋 - 浪子回头.txt,negative,0.5,0.5,0,0,0
464,NJU Documents\抖音数据分析ppt\音乐数据库歌词\草东没有派对 - 山海.txt,negative,0.5,0.5,0,0,0
465,NJU Documents\抖音数据分析ppt\音乐数据库歌词\草蜢 - 失恋阵线联盟.txt,negative,0.1374,0.8626,57,19,9
466,NJU Documents\抖音数据分析ppt\音乐数据库歌词\菊谷知樹 きくや ともき - 月の猫.txt,negative,0.0550,0.9449,1,4,0
467,NJU Documents\抖音数据分析ppt\音乐数据库歌词\萌萌哒天团 - 帝都.txt,negative,0.0294,0.9706,68,19,12
468,NJU Documents\抖音数据分析ppt\音乐数据库歌词\萧亚轩 - 爱的主打歌.txt,negative,0.0451,0.9549,44,38,11
469,NJU Documents\抖音数据分析ppt\音乐数据库歌词\葛东琪 - 悬溺.txt,negative,0.5,0.5,0,0,0
470,NJU Documents\抖音数据分析ppt\音乐数据库歌词\蒋先生 - 我也不想这样难过 DJ版.txt,negative,0.5,0.5,0,0,0
471,NJU Documents\抖音数据分析ppt\音乐数据库歌词\蒋蒋 _ 曲肖冰 - 当真.txt,negative,0.5,0.5,0,0,0
472,NJU Documents\抖音数据分析ppt\音乐数据库歌词\蒋雪儿 - 莫问归期.txt,negative,0.0550,0.9449,1,4,0
473,NJU Documents\抖音数据分析ppt\音乐数据库歌词\蓝心羽 - Melody remix.txt,negative,0.0550,0.9449,1,4,0
474,NJU Documents\抖音数据分析ppt\音乐数据库歌词\蓝心羽 - 别处的夕阳.txt,negative,0.0550,0.9449,1,4,0
475,NJU Documents\抖音数据分析ppt\音乐数据库歌词\蓝心羽 - 夏天的风.txt,negative,0.0550,0.9449,1,4,0
476,NJU Documents\抖音数据分析ppt\音乐数据库歌词\蓝心羽 - 小宇.txt,negative,0.5,0.5,0,0,0
477,NJU Documents\抖音数据分析ppt\音乐数据库歌词\蓝心羽 - 成全.txt,negative,0.0550,0.9449,1,4,0
478,NJU Documents\抖音数据分析ppt\音乐数据库歌词\蓝心羽 - 爱要坦荡荡+love scenario 片段.txt,negative,0.0550,0.9449,1,4,0
479,NJU Documents\抖音数据分析ppt\音乐数据库歌词\蓝心羽 - 贩卖日落.txt,negative,0.0550,0.9449,1,4,0
480,NJU Documents\抖音数据分析ppt\音乐数据库歌词\蓝心羽、黄诗扶 - 听起来很浪漫的事.txt,negative,0.0550,0.9449,1,4,0
481,NJU Documents\抖音数据分析ppt\音乐数据库歌词\蔡依林 - Love Love Love.txt,positive,0.6094,0.3906,99,26,8
482,NJU Documents\抖音数据分析ppt\音乐数据库歌词\蔡依林 - 日不落.txt,positive,1.0,0.0,53,39,20
483,NJU Documents\抖音数据分析ppt\音乐数据库歌词\蔡依林 - 爱情三十六计.txt,positive,0.9905,0.0095,103,40,7
484,NJU Documents\抖音数据分析ppt\音乐数据库歌词\蔡依林 - 特务J.txt,positive,0.7728,0.2272,85,41,17
485,NJU Documents\抖音数据分析ppt\音乐数据库歌词\蔡依林 - 看我72变.txt,positive,0.9834,0.0166,72,49,17
486,NJU Documents\抖音数据分析ppt\音乐数据库歌词\蔡依林 - 说爱你.txt,positive,0.8477,0.1523,87,53,47
487,NJU Documents\抖音数据分析ppt\音乐数据库歌词\蔡依林 - 说爱你~1.txt,positive,0.933,0.067,82,19,19
488,NJU Documents\抖音数据分析ppt\音乐数据库歌词\蔡健雅 - 红色高跟鞋.txt,negative,0.5,0.5,0,0,0
489,NJU Documents\抖音数据分析ppt\音乐数据库歌词\蔡健雅 - 越来越不懂.txt,negative,0.5,0.5,0,0,0
490,NJU Documents\抖音数据分析ppt\音乐数据库歌词\蔡徐坤 - 情人.txt,negative,0.0143,0.9857,36,25,12
491,NJU Documents\抖音数据分析ppt\音乐数据库歌词\蔡黄汝 - 迷人的危险.txt,positive,0.7534,0.2466,49,28,16
492,NJU Documents\抖音数据分析ppt\音乐数据库歌词\薛之谦 - 木偶人.txt,negative,0.5,0.5,0,0,0
493,NJU Documents\抖音数据分析ppt\音乐数据库歌词\薛之谦 - 演员.txt,negative,0.5,0.5,0,0,0
494,NJU Documents\抖音数据分析ppt\音乐数据库歌词\薛之谦 - 病态.txt,negative,0.5,0.5,0,0,0
495,NJU Documents\抖音数据分析ppt\音乐数据库歌词\薛凯琪 _ 陈意涵 _ 杨子姗 - 一起老去.txt,negative,0.048,0.952,82,15,22
496,NJU Documents\抖音数据分析ppt\音乐数据库歌词\薛明媛、朱贺 - 非酋.txt,positive,0.9929,0.0071,70,43,12
497,NJU Documents\抖音数据分析ppt\音乐数据库歌词\藤竹京 - 此生不换 片段.txt,negative,0.5,0.5,0,0,0
498,NJU Documents\抖音数据分析ppt\音乐数据库歌词\街道办GDC _ 欧阳耀莹 - 春娇与志明.txt,negative,0.5,0.5,0,0,0
499,NJU Documents\抖音数据分析ppt\音乐数据库歌词\袁娅维 - 说散就散.txt,negative,0.5,0.5,0,0,0
500,NJU Documents\抖音数据分析ppt\音乐数据库歌词\要不要买菜 - 下山.txt,negative,0.01,0.99,82,40,23
501,NJU Documents\抖音数据分析ppt\音乐数据库歌词\要不要买菜 - 火红的萨日朗.txt,positive,0.7388,0.2612,48,55,13
502,NJU Documents\抖音数据分析ppt\音乐数据库歌词\要不要买菜 - 琴师.txt,negative,0.0550,0.9449,1,4,0
503,NJU Documents\抖音数据分析ppt\音乐数据库歌词\许嵩 - 断桥残雪.txt,negative,0.5,0.5,0,0,0
504,NJU Documents\抖音数据分析ppt\音乐数据库歌词\许嵩 - 玫瑰花的葬礼.txt,positive,0.7335,0.2665,93,45,18
505,NJU Documents\抖音数据分析ppt\音乐数据库歌词\许嵩 _ 何曼婷 - 素颜.txt,negative,0.5,0.5,0,0,0
506,NJU Documents\抖音数据分析ppt\音乐数据库歌词\许巍 - 曾经的你.txt,positive,0.8846,0.1154,93,32,11
507,NJU Documents\抖音数据分析ppt\音乐数据库歌词\许巍 - 生活不止眼前的苟且.txt,positive,0.9856,0.0144,42,35,13
508,NJU Documents\抖音数据分析ppt\音乐数据库歌词\许巍 - 蓝莲花.txt,positive,0.9933,0.0067,66,53,9
509,NJU Documents\抖音数据分析ppt\音乐数据库歌词\贝贝帅 - 星光背后.txt,positive,0.9715,0.0285,24,10,16
510,NJU Documents\抖音数据分析ppt\音乐数据库歌词\贵族乐团 - 时光一去不复返.txt,negative,0.0550,0.9449,1,4,0
511,NJU Documents\抖音数据分析ppt\音乐数据库歌词\贵族乐团 - 龙猫.txt,negative,0.0550,0.9449,1,4,0
512,NJU Documents\抖音数据分析ppt\音乐数据库歌词\赵偲旖 - 空荡荡.txt,negative,0.5,0.5,0,0,0
513,NJU Documents\抖音数据分析ppt\音乐数据库歌词\赵方婧 - 尽头.txt,negative,0.5,0.5,0,0,0
514,NJU Documents\抖音数据分析ppt\音乐数据库歌词\赵晨唏 - 失眠电台.txt,negative,0.5,0.5,0,0,0
515,NJU Documents\抖音数据分析ppt\音乐数据库歌词\赵雷 - 成都.txt,negative,0.5,0.5,0,0,0
516,NJU Documents\抖音数据分析ppt\音乐数据库歌词\赵雷 - 我们的时光.txt,negative,0.3267,0.6733,48,35,19
517,NJU Documents\抖音数据分析ppt\音乐数据库歌词\邱霖Chill0 - 我的歌声里 T.back Remix.txt,negative,0.5,0.5,0,0,0
518,NJU Documents\抖音数据分析ppt\音乐数据库歌词\郑国锋、小凌 - 甜不辣.txt,positive,0.9935,0.0065,44,39,10
519,NJU Documents\抖音数据分析ppt\音乐数据库歌词\郑建鹏、Y U Jay - 小奶狗VS大狼狗.txt,positive,0.9651,0.0349,51,33,41
520,NJU Documents\抖音数据分析ppt\音乐数据库歌词\郑晓填 - 如果寂寞了.txt,positive,0.9612,0.0388,141,72,21
521,NJU Documents\抖音数据分析ppt\音乐数据库歌词\郭子果 - 倾殇.txt,negative,0.0550,0.9449,1,4,0
522,NJU Documents\抖音数据分析ppt\音乐数据库歌词\郭顶 - 保留.txt,negative,0.5,0.5,0,0,0
523,NJU Documents\抖音数据分析ppt\音乐数据库歌词\郭顶 - 水星记.txt,negative,0.5,0.5,0,0,0
524,NJU Documents\抖音数据分析ppt\音乐数据库歌词\郭顶 - 水星记~1.txt,negative,0.5,0.5,0,0,0
525,NJU Documents\抖音数据分析ppt\音乐数据库歌词\金海心 - 那么骄傲.txt,negative,0.5,0.5,0,0,0
526,NJU Documents\抖音数据分析ppt\音乐数据库歌词\锦零 - 小桥夜雨.txt,negative,0.0550,0.9449,1,4,0
527,NJU Documents\抖音数据分析ppt\音乐数据库歌词\锦零、音阙诗听 - 空山新雨后.txt,negative,0.0550,0.9449,1,4,0
528,NJU Documents\抖音数据分析ppt\音乐数据库歌词\阮言Ruany - 美卷入画 完整版.txt,negative,0.0550,0.9449,1,4,0
529,NJU Documents\抖音数据分析ppt\音乐数据库歌词\阿冷 - 春风吹.txt,negative,0.1295,0.8705,78,12,24
530,NJU Documents\抖音数据分析ppt\音乐数据库歌词\阿妹啊 - 我想我不够好.txt,positive,0.6484,0.3516,64,26,4
531,NJU Documents\抖音数据分析ppt\音乐数据库歌词\阿悠悠 - 一生与你擦肩而过.txt,negative,0.5,0.5,0,0,0
532,NJU Documents\抖音数据分析ppt\音乐数据库歌词\阿悠悠 - 你若三冬.txt,positive,0.8679,0.1321,65,33,8
533,NJU Documents\抖音数据分析ppt\音乐数据库歌词\阿悠悠 - 念旧.txt,negative,0.5,0.5,0,0,0
534,NJU Documents\抖音数据分析ppt\音乐数据库歌词\阿悠悠 - 旧梦一场.txt,positive,0.9541,0.0459,111,31,7
535,NJU Documents\抖音数据分析ppt\音乐数据库歌词\阿杜 - 撕夜.txt,negative,0.5,0.5,0,0,0
536,NJU Documents\抖音数据分析ppt\音乐数据库歌词\阿肆 - 喜欢.txt,positive,0.5527,0.4473,28,21,16
537,NJU Documents\抖音数据分析ppt\音乐数据库歌词\阿肆 _ 郭采洁 - 世界上的另一个我.txt,negative,0.3887,0.6113,79,39,16
538,NJU Documents\抖音数据分析ppt\音乐数据库歌词\陈卓璇 - 无羁 Live.txt,negative,0.0550,0.9449,1,4,0
539,NJU Documents\抖音数据分析ppt\音乐数据库歌词\陈奕迅 - 我们.txt,negative,0.5,0.5,0,0,0
540,NJU Documents\抖音数据分析ppt\音乐数据库歌词\陈奕迅 - 红玫瑰.txt,negative,0.5,0.5,0,0,0
541,NJU Documents\抖音数据分析ppt\音乐数据库歌词\陈小春 - 独家记忆.txt,negative,0.5,0.5,0,0,0
542,NJU Documents\抖音数据分析ppt\音乐数据库歌词\陈泫孝（大泫） - 静悄悄.txt,positive,0.9559,0.0441,65,47,16
543,NJU Documents\抖音数据分析ppt\音乐数据库歌词\陈烁 - 嚣张 DJ版.txt,negative,0.5,0.5,0,0,0
544,NJU Documents\抖音数据分析ppt\音乐数据库歌词\陈翔 - 烟火.txt,positive,0.9884,0.0116,79,22,21
545,NJU Documents\抖音数据分析ppt\音乐数据库歌词\陈雪凝 - 你的酒馆对我打了烊.txt,negative,0.5,0.5,0,0,0
546,NJU Documents\抖音数据分析ppt\音乐数据库歌词\陈雪凝 - 绿色.txt,negative,0.5,0.5,0,0,0
547,NJU Documents\抖音数据分析ppt\音乐数据库歌词\陶喆 - 就是爱你.txt,positive,0.988,0.012,66,38,26
548,NJU Documents\抖音数据分析ppt\音乐数据库歌词\陶喆 - 爱，很简单.txt,negative,0.5,0.5,0,0,0
549,NJU Documents\抖音数据分析ppt\音乐数据库歌词\隔壁老樊 - 多想在平庸的生活拥抱你 Live.txt,negative,0.5,0.5,0,0,0
550,NJU Documents\抖音数据分析ppt\音乐数据库歌词\鞠文娴 - BINGBIAN病变 女声版.txt,negative,0.5,0.5,0,0,0
551,NJU Documents\抖音数据分析ppt\音乐数据库歌词\韩夜 - 一人饮酒醉 改版片段.txt,negative,0.5,0.5,0,0,0
552,NJU Documents\抖音数据分析ppt\音乐数据库歌词\韩安旭 - 多幸运.txt,negative,0.5,0.5,0,0,0
553,NJU Documents\抖音数据分析ppt\音乐数据库歌词\音阙诗听 _ 赵方婧 - 芒种.txt,positive,0.9947,0.0053,95,23,12
554,NJU Documents\抖音数据分析ppt\音乐数据库歌词\颜人中 - 胆小鬼.txt,positive,0.9539,0.0461,80,29,9
555,NJU Documents\抖音数据分析ppt\音乐数据库歌词\飞儿乐团 - Lydia.txt,positive,0.9327,0.0673,50,52,23
556,NJU Documents\抖音数据分析ppt\音乐数据库歌词\飞儿乐团 - 你的微笑.txt,positive,1.0,0.0,59,28,4
557,NJU Documents\抖音数据分析ppt\音乐数据库歌词\高姗 - 遇见你的时候所有星星都落到我头上.txt,positive,0.9884,0.0116,81,39,24
558,NJU Documents\抖音数据分析ppt\音乐数据库歌词\高梨康治 たかなし やすはる - Blue Bell.txt,negative,0.0550,0.9449,1,4,0
559,NJU Documents\抖音数据分析ppt\音乐数据库歌词\高至豪 - The Truth That You Leave 钢琴曲.txt,negative,0.5,0.5,0,0,0
560,NJU Documents\抖音数据分析ppt\音乐数据库歌词\高鱼 - 什么样的爱情.txt,negative,0.0550,0.9449,1,4,0
561,NJU Documents\抖音数据分析ppt\音乐数据库歌词\鬼琴天地响 - eternity.txt,negative,0.0550,0.9449,1,4,0
562,NJU Documents\抖音数据分析ppt\音乐数据库歌词\魏新 - 离歌.txt,negative,0.5,0.5,0,0,0
563,NJU Documents\抖音数据分析ppt\音乐数据库歌词\魏新雨 - 余情未了.txt,negative,0.5,0.5,0,0,0
564,NJU Documents\抖音数据分析ppt\音乐数据库歌词\魏新雨 - 恋人心.txt,negative,0.5,0.5,0,0,0
565,NJU Documents\抖音数据分析ppt\音乐数据库歌词\鹏鹏 _ 付豪 - 爱你一万年.txt,negative,0.2451,0.7549,62,25,10
566,NJU Documents\抖音数据分析ppt\音乐数据库歌词\麦小兜、单色凌 - OK歌 skr版.txt,negative,0.1455,0.8545,52,34,10
567,NJU Documents\抖音数据分析ppt\音乐数据库歌词\黄诗扶 - 九万字 念白版.txt,negative,0.5,0.5,0,0,0
568,NJU Documents\抖音数据分析ppt\音乐数据库歌词\黄雅莉 - 蝴蝶泉边 Live.txt,positive,0.9999,1.4948,28,10,10
569,NJU Documents\抖音数据分析ppt\音乐数据库歌词\黎林添娇 - 星月糖.txt,negative,0.1455,0.8545,52,34,10
570,NJU Documents\抖音数据分析ppt\音乐数据库歌词\뉴이스트 W - Dejavu.txt,negative,0.5,0.5,0,0,0
